customer_id,revenue
200001,444.96
200002,219.78
200003,18828.79
200004,1353.44
200005,18269.37
200006,210.48
200007,503.24
200008,26804.9
200009,1577.5
200010,411.64
200011,311.06
200012,466.64
200013,162.42
200014,56.31
200015,127.76
200016,439.19
200017,22656.29
200018,142.48
200019,452.38
200020,558.45
200021,309.33
200022,406.15
200023,931.35
200024,979.23
200025,203.35
200026,57.94
200027,389.85
200028,466.93
200029,624.69
200030,133.05
200031,23339.6
200032,29423.6
200033,418.86
200034,65.05
200035,280.25
200036,436.01
200037,585.81
200038,474.37
200039,26583.28
200040,154.51
200041,118.18
200042,77.34
200043,477.12
200044,26672.82
200045,196.4
200046,305.03
200047,279.53
200048,23350.34
200049,78.96
200050,734.19
200051,622.14
200052,285.41
200053,24553.96
200054,205.01
200055,161.26
200056,92.56
200057,72.66
200058,23415.08
200059,27554.64
200060,562.75
200061,359.45
200062,256.97
200063,310.67
200064,326.92
200065,19082.22
200066,1260.09
200067,29281.46
200068,1338.22
200069,575.43
200070,108.68
200071,31359.36
200072,896.41
200073,207.43
200074,22922.41
200075,611.18
200076,94.7
200077,53.23
200078,137.52
200079,732.1
200080,181.28
200081,403.99
200082,375.79
200083,121.68
200084,19942.01
200085,259.59
200086,465.77
200087,301.46
200088,247.76
200089,66.2
200090,24743.69
200091,275.03
200092,93.3
200093,417.76
200094,789.13
200095,78.78
200096,23823.03
200097,227.05
200098,20395.39
200099,907.83
200100,354.98
200101,169.89
200102,627.81
200103,1076.36
200104,799.21
200105,22489.06
200106,173.02
200107,429.36
200108,1499.73
200109,99.37
200110,743.69
200111,384.09
200112,78.6
200113,29920.0
200114,73.78
200115,364.58
200116,618.64
200117,659.4
200118,29006.53
200119,395.64
200120,593.9
200121,116.64
200122,23960.8
200123,19536.7
200124,260.65
200125,212.29
200126,26230.45
200127,97.73
200128,100.47
200129,203.08
200130,431.51
200131,196.73
200132,339.09
200133,417.07
200134,99.24
200135,818.59
200136,765.94
200137,536.86
200138,192.94
200139,572.9
200140,161.89
200141,404.07
200142,337.06
200143,103.66
200144,765.88
200145,193.11
200146,121.54
200147,29998.48
200148,352.19
200149,823.85
200150,24146.17
200151,15026.92
200152,248.02
200153,1037.38
200154,265.54
200155,452.37
200156,384.85
200157,77.97
200158,16739.67
200159,120.91
200160,340.6
200161,1095.17
200162,56.97
200163,27343.62
200164,25527.71
200165,1044.91
200166,381.88
200167,186.63
200168,63.03
200169,142.56
200170,21033.21
200171,128.33
200172,187.31
200173,996.66
200174,409.56
200175,121.74
200176,878.51
200177,75.16
200178,520.22
200179,337.69
200180,82.47
200181,26031.9
200182,510.21
200183,22104.04
200184,1031.78
200185,109.36
200186,1439.34
200187,120.36
200188,193.95
200189,431.38
200190,291.51
200191,32693.78
200192,52.42
200193,165.88
200194,315.97
200195,91.8
200196,27849.29
200197,959.26
200198,24762.34
200199,164.32
200200,56.5
200201,29762.19
200202,619.45
200203,87.86
200204,68.43
200205,667.05
200206,224.79
200207,562.85
200208,21098.54
200209,993.75
200210,104.79
200211,316.07
200212,781.52
200213,413.28
200214,91.18
200215,423.91
200216,184.52
200217,23654.45
200218,1240.29
200219,627.31
200220,24776.32
200221,918.69
200222,13282.21
200223,148.81
200224,439.7
200225,213.52
200226,206.3
200227,164.37
200228,892.56
200229,654.92
200230,27381.96
200231,23679.52
200232,462.49
200233,700.74
200234,449.35
200235,426.08
200236,241.88
200237,23447.03
200238,141.14
200239,87.88
200240,108.92
200241,154.78
200242,182.57
200243,62.89
200244,16240.31
200245,289.73
200246,27715.73
200247,479.39
200248,56.76
200249,430.1
200250,567.82
200251,51.94
200252,146.24
200253,518.84
200254,93.58
200255,279.22
200256,139.9
200257,1486.99
200258,85.59
200259,24109.12
200260,771.57
200261,1367.27
200262,102.82
200263,378.06
200264,435.66
200265,231.44
200266,51.86
200267,158.2
200268,199.75
200269,217.42
200270,296.48
200271,354.02
200272,1253.18
200273,192.74
200274,91.07
200275,306.94
200276,117.28
200277,358.47
200278,197.54
200279,221.96
200280,344.02
200281,266.78
200282,60.83
200283,88.8
200284,487.32
200285,729.47
200286,56.83
200287,19601.7
200288,100.95
200289,75.87
200290,110.83
200291,372.85
200292,136.02
200293,419.08
200294,477.82
200295,470.97
200296,333.73
200297,1255.54
200298,300.21
200299,282.94
200300,245.8
200301,337.48
200302,606.79
200303,580.78
200304,134.46
200305,26170.86
200306,111.22
200307,668.94
200308,1353.24
200309,532.95
200310,446.42
200311,170.48
200312,465.14
200313,65.0
200314,26274.08
200315,349.05
200316,26553.25
200317,127.66
200318,27585.96
200319,182.74
200320,25794.72
200321,76.19
200322,656.03
200323,338.53
200324,37972.37
200325,29691.03
200326,391.09
200327,302.71
200328,50.47
200329,210.8
200330,272.98
200331,24620.7
200332,225.96
200333,886.75
200334,114.21
200335,17568.39
200336,71.12
200337,297.97
200338,64.02
200339,31614.47
200340,20427.92
200341,403.67
200342,1059.1
200343,537.13
200344,611.06
200345,363.15
200346,146.94
200347,905.8
200348,130.6
200349,54.26
200350,76.93
200351,575.28
200352,352.28
200353,145.83
200354,1105.07
200355,879.19
200356,756.18
200357,1290.99
200358,362.26
200359,30789.22
200360,813.4
200361,21687.21
200362,702.03
200363,282.05
200364,245.23
200365,111.03
200366,249.22
200367,18373.51
200368,370.09
200369,28075.36
200370,316.79
200371,94.2
200372,384.2
200373,2013.06
200374,580.53
200375,23949.36
200376,137.01
200377,447.82
200378,24218.44
200379,60.84
200380,133.0
200381,706.99
200382,392.58
200383,1223.61
200384,30803.71
200385,169.75
200386,329.65
200387,665.09
200388,19894.78
200389,249.58
200390,563.33
200391,288.29
200392,1090.79
200393,56.77
200394,27212.6
200395,378.24
200396,162.41
200397,27412.99
200398,268.22
200399,291.07
200400,187.74
200401,17367.99
200402,415.95
200403,28029.98
200404,412.22
200405,831.15
200406,21747.94
200407,190.28
200408,30115.46
200409,603.83
200410,511.83
200411,331.59
200412,52.44
200413,94.9
200414,76.95
200415,177.98
200416,287.41
200417,32589.15
200418,67.81
200419,1516.61
200420,542.33
200421,400.14
200422,219.09
200423,1223.5
200424,465.58
200425,160.54
200426,381.11
200427,1060.51
200428,699.48
200429,253.21
200430,219.87
200431,207.25
200432,28574.79
200433,188.5
200434,310.19
200435,201.43
200436,452.11
200437,176.05
200438,75.78
200439,240.22
200440,1017.38
200441,392.93
200442,441.92
200443,68.57
200444,176.48
200445,71.71
200446,134.59
200447,600.85
200448,23693.22
200449,404.11
200450,432.97
200451,130.92
200452,22285.43
200453,258.63
200454,21486.71
200455,557.62
200456,390.82
200457,59.0
200458,105.77
200459,472.72
200460,322.01
200461,291.38
200462,667.6
200463,153.72
200464,321.77
200465,28517.67
200466,89.96
200467,87.61
200468,749.21
200469,653.76
200470,294.77
200471,256.71
200472,24546.08
200473,550.33
200474,142.11
200475,25009.15
200476,913.04
200477,434.22
200478,382.53
200479,293.02
200480,488.18
200481,443.15
200482,224.41
200483,464.4
200484,1103.54
200485,334.78
200486,173.4
200487,21381.54
200488,701.76
200489,74.3
200490,712.18
200491,121.82
200492,490.54
200493,33499.09
200494,1440.61
200495,437.18
200496,107.08
200497,176.3
200498,323.03
200499,27748.26
200500,53.49
200501,64.99
200502,27533.31
200503,321.28
200504,203.42
200505,659.53
200506,242.92
200507,167.76
200508,271.35
200509,1025.0
200510,73.96
200511,356.17
200512,283.8
200513,127.96
200514,94.65
200515,87.26
200516,538.58
200517,29939.01
200518,522.12
200519,782.47
200520,19607.81
200521,252.77
200522,541.2
200523,141.4
200524,188.62
200525,24283.63
200526,25897.36
200527,23168.61
200528,66.08
200529,84.5
200530,445.47
200531,30087.57
200532,68.69
200533,324.5
200534,511.16
200535,623.95
200536,154.41
200537,432.81
200538,70.75
200539,52.02
200540,165.44
200541,192.39
200542,73.15
200543,400.48
200544,387.05
200545,152.14
200546,435.83
200547,177.65
200548,138.58
200549,33061.1
200550,163.44
200551,292.85
200552,345.02
200553,63.08
200554,1156.42
200555,28280.63
200556,23089.42
200557,1156.06
200558,32185.44
200559,68.16
200560,200.61
200561,674.61
200562,261.34
200563,2753.24
200564,726.97
200565,25319.21
200566,59.14
200567,840.58
200568,130.29
200569,345.89
200570,972.43
200571,229.29
200572,839.98
200573,24452.02
200574,82.19
200575,2105.15
200576,479.94
200577,176.81
200578,87.12
200579,617.17
200580,180.06
200581,79.85
200582,238.11
200583,130.15
200584,217.19
200585,572.46
200586,26124.04
200587,609.36
200588,150.53
200589,416.65
200590,24308.79
200591,371.15
200592,22446.87
200593,85.09
200594,680.49
200595,279.47
200596,120.24
200597,26470.48
200598,31518.57
200599,678.82
200600,462.68
200601,224.57
200602,109.56
200603,80.54
200604,173.86
200605,294.45
200606,16671.61
200607,957.75
200608,377.55
200609,159.0
200610,25537.19
200611,68.97
200612,20263.88
200613,203.27
200614,971.29
200615,257.6
200616,125.99
200617,1016.67
200618,734.02
200619,171.51
200620,20872.18
200621,149.34
200622,695.88
200623,485.9
200624,22529.43
200625,207.89
200626,17353.44
200627,866.19
200628,17592.63
200629,28128.52
200630,88.52
200631,225.96
200632,65.03
200633,198.21
200634,285.25
200635,1440.45
200636,428.63
200637,29770.94
200638,97.24
200639,462.78
200640,26857.48
200641,25896.94
200642,113.04
200643,334.87
200644,70.97
200645,105.39
200646,69.19
200647,172.49
200648,25831.21
200649,216.8
200650,657.63
200651,20716.59
200652,617.86
200653,77.71
200654,695.8
200655,509.11
200656,115.44
200657,794.64
200658,523.69
200659,498.94
200660,745.71
200661,21141.85
200662,1009.3
200663,18999.11
200664,24438.5
200665,271.62
200666,1272.48
200667,395.69
200668,33344.19
200669,136.18
200670,446.64
200671,759.46
200672,23409.77
200673,208.54
200674,315.22
200675,239.1
200676,29229.47
200677,158.91
200678,239.31
200679,175.53
200680,596.28
200681,550.99
200682,81.22
200683,200.35
200684,81.89
200685,368.67
200686,1135.85
200687,474.04
200688,21597.86
200689,287.27
200690,29144.35
200691,346.1
200692,22807.2
200693,122.27
200694,174.62
200695,424.24
200696,690.97
200697,75.85
200698,62.84
200699,198.52
200700,30745.34
200701,391.14
200702,884.47
200703,586.03
200704,52.69
200705,191.74
200706,137.5
200707,121.37
200708,149.21
200709,189.22
200710,28732.51
200711,1111.42
200712,26344.58
200713,418.32
200714,434.72
200715,400.98
200716,58.36
200717,241.76
200718,119.32
200719,510.33
200720,1108.77
200721,214.25
200722,126.76
200723,186.85
200724,751.64
200725,358.12
200726,26553.5
200727,198.14
200728,76.6
200729,603.94
200730,717.33
200731,83.47
200732,71.76
200733,369.27
200734,338.09
200735,460.36
200736,280.93
200737,1127.15
200738,159.46
200739,604.34
200740,620.04
200741,64.31
200742,30482.14
200743,279.9
200744,26252.53
200745,80.75
200746,695.43
200747,1154.96
200748,235.28
200749,712.12
200750,24274.2
200751,895.14
200752,258.17
200753,665.15
200754,29028.53
200755,245.27
200756,26330.43
200757,29722.56
200758,177.61
200759,15735.42
200760,22799.54
200761,28550.02
200762,18924.36
200763,382.64
200764,440.3
200765,196.55
200766,23449.2
200767,18859.84
200768,367.96
200769,101.41
200770,354.42
200771,70.57
200772,26573.23
200773,60.17
200774,206.23
200775,380.26
200776,440.98
200777,25197.23
200778,224.44
200779,543.06
200780,537.66
200781,22073.47
200782,315.13
200783,590.08
200784,771.51
200785,617.96
200786,23636.37
200787,78.79
200788,501.55
200789,221.66
200790,297.7
200791,276.42
200792,530.33
200793,165.76
200794,206.28
200795,28800.06
200796,301.57
200797,205.42
200798,28982.33
200799,382.64
200800,316.19
200801,24758.39
200802,88.48
200803,25631.05
200804,246.12
200805,20829.69
200806,53.88
200807,390.58
200808,29415.51
200809,253.03
200810,24029.27
200811,19883.88
200812,27294.98
200813,544.01
200814,645.26
200815,909.91
200816,146.74
200817,220.77
200818,76.49
200819,140.2
200820,606.02
200821,54.02
200822,432.68
200823,99.43
200824,23777.52
200825,402.84
200826,172.16
200827,234.28
200828,163.12
200829,850.3
200830,731.16
200831,1439.82
200832,119.7
200833,94.08
200834,21026.57
200835,262.27
200836,510.21
200837,444.65
200838,312.06
200839,52.92
200840,33168.3
200841,23810.07
200842,116.57
200843,186.2
200844,72.6
200845,24582.63
200846,22624.75
200847,219.7
200848,128.22
200849,516.72
200850,560.7
200851,689.0
200852,702.79
200853,109.37
200854,542.47
200855,810.6
200856,448.96
200857,75.04
200858,257.16
200859,315.43
200860,96.6
200861,477.97
200862,221.14
200863,24047.56
200864,705.95
200865,1298.73
200866,24784.38
200867,68.48
200868,514.08
200869,877.97
200870,1293.96
200871,144.64
200872,21070.79
200873,24027.76
200874,2910.36
200875,271.32
200876,174.2
200877,21217.97
200878,22231.0
200879,139.96
200880,23216.23
200881,598.83
200882,609.06
200883,123.12
200884,512.33
200885,1063.47
200886,148.53
200887,29029.78
200888,594.45
200889,1157.78
200890,1050.96
200891,1506.22
200892,74.36
200893,155.07
200894,27106.15
200895,31676.28
200896,1189.91
200897,302.44
200898,373.47
200899,1213.76
200900,53.12
200901,145.99
200902,26246.61
200903,574.75
200904,1108.66
200905,174.8
200906,462.74
200907,1711.68
200908,93.18
200909,377.55
200910,114.1
200911,192.07
200912,563.55
200913,19980.31
200914,405.09
200915,465.19
200916,94.27
200917,1140.49
200918,146.12
200919,774.71
200920,328.49
200921,532.78
200922,24505.07
200923,319.59
200924,772.1
200925,302.53
200926,144.97
200927,607.54
200928,347.06
200929,540.04
200930,227.0
200931,111.18
200932,107.73
200933,22901.35
200934,607.3
200935,288.72
200936,20921.22
200937,87.28
200938,228.01
200939,19508.56
200940,91.54
200941,228.91
200942,628.33
200943,126.28
200944,1264.44
200945,490.63
200946,483.55
200947,303.75
200948,350.55
200949,106.39
200950,910.37
200951,81.01
200952,175.32
200953,24807.65
200954,21459.01
200955,76.23
200956,536.42
200957,504.47
200958,25886.23
200959,155.11
200960,488.85
200961,829.95
200962,22131.94
200963,174.53
200964,120.26
200965,31459.12
200966,886.81
200967,19092.3
200968,31377.77
200969,21879.2
200970,155.3
200971,445.01
200972,604.98
200973,102.65
200974,253.41
200975,199.67
200976,334.81
200977,473.9
200978,61.94
200979,151.14
200980,203.74
200981,1213.65
200982,33187.45
200983,24029.21
200984,199.31
200985,625.47
200986,145.68
200987,75.84
200988,258.36
200989,29255.76
200990,22612.1
200991,259.4
200992,115.17
200993,180.54
200994,826.2
200995,24998.75
200996,67.28
200997,153.87
200998,395.47
200999,173.51
201000,308.72
201001,862.17
201002,27282.03
201003,199.84
201004,533.56
201005,21672.18
201006,122.09
201007,218.41
201008,142.4
201009,58.24
201010,24113.95
201011,784.76
201012,1041.29
201013,953.79
201014,268.33
201015,638.94
201016,24650.26
201017,220.2
201018,214.69
201019,727.64
201020,88.61
201021,449.05
201022,264.57
201023,522.99
201024,51.93
201025,198.59
201026,578.52
201027,203.44
201028,155.05
201029,284.88
201030,1139.48
201031,966.91
201032,71.48
201033,309.16
201034,306.44
201035,424.28
201036,25916.3
201037,822.86
201038,988.6
201039,24910.8
201040,19979.46
201041,22757.57
201042,113.93
201043,525.8
201044,155.52
201045,1108.61
201046,141.3
201047,24634.4
201048,507.42
201049,1209.81
201050,23387.7
201051,19631.49
201052,76.27
201053,101.31
201054,173.61
201055,420.61
201056,1053.11
201057,515.69
201058,192.0
201059,331.07
201060,349.87
201061,194.37
201062,203.69
201063,159.6
201064,325.04
201065,556.03
201066,310.11
201067,1761.73
201068,838.25
201069,103.95
201070,800.7
201071,73.01
201072,196.0
201073,66.79
201074,446.15
201075,356.78
201076,98.77
201077,243.95
201078,50.52
201079,342.97
201080,25781.93
201081,92.67
201082,245.95
201083,2112.12
201084,1777.61
201085,139.03
201086,84.2
201087,26900.67
201088,131.57
201089,25346.79
201090,59.15
201091,136.61
201092,205.78
201093,112.5
201094,804.58
201095,550.64
201096,784.51
201097,1432.39
201098,99.44
201099,366.54
201100,314.48
201101,31013.68
201102,212.24
201103,1204.98
201104,26739.08
201105,192.9
201106,246.09
201107,1063.45
201108,320.28
201109,32890.17
201110,89.68
201111,773.42
201112,235.72
201113,518.62
201114,233.24
201115,76.07
201116,81.83
201117,126.02
201118,18869.2
201119,875.27
201120,61.81
201121,449.05
201122,28841.22
201123,21620.23
201124,29746.94
201125,364.12
201126,498.23
201127,1196.15
201128,749.99
201129,248.28
201130,368.45
201131,119.96
201132,79.84
201133,28616.07
201134,475.73
201135,237.13
201136,91.38
201137,25390.68
201138,26291.9
201139,91.26
201140,375.8
201141,376.22
201142,24450.76
201143,28117.4
201144,1418.69
201145,244.4
201146,25597.45
201147,825.28
201148,91.04
201149,391.97
201150,21438.73
201151,204.0
201152,16577.41
201153,27976.74
201154,362.36
201155,24803.88
201156,417.08
201157,641.46
201158,76.32
201159,84.16
201160,25784.53
201161,404.1
201162,20212.85
201163,21890.51
201164,289.24
201165,16688.75
201166,81.22
201167,322.32
201168,199.35
201169,109.54
201170,198.56
201171,625.17
201172,408.18
201173,546.97
201174,962.21
201175,25641.96
201176,167.79
201177,25825.45
201178,27203.19
201179,192.53
201180,63.08
201181,28312.92
201182,412.64
201183,236.56
201184,187.66
201185,21475.73
201186,506.32
201187,20605.52
201188,467.09
201189,30505.99
201190,21019.41
201191,481.77
201192,129.99
201193,498.38
201194,278.79
201195,318.71
201196,393.09
201197,220.49
201198,20896.99
201199,588.28
201200,518.04
201201,61.23
201202,215.21
201203,61.97
201204,326.92
201205,284.2
201206,124.05
201207,88.98
201208,54.58
201209,392.12
201210,27000.96
201211,113.65
201212,426.92
201213,126.26
201214,214.43
201215,17992.68
201216,995.68
201217,140.54
201218,278.83
201219,25971.53
201220,742.63
201221,55.07
201222,213.9
201223,26743.9
201224,1103.96
201225,32764.87
201226,352.52
201227,108.26
201228,163.43
201229,100.14
201230,306.2
201231,218.9
201232,654.44
201233,261.79
201234,144.92
201235,615.84
201236,27022.36
201237,56.2
201238,90.01
201239,25580.25
201240,107.67
201241,454.02
201242,186.05
201243,29727.56
201244,138.96
201245,21190.73
201246,458.12
201247,293.66
201248,25848.37
201249,473.69
201250,603.32
201251,316.52
201252,1561.01
201253,142.36
201254,27432.98
201255,29403.29
201256,102.8
201257,130.36
201258,161.72
201259,747.12
201260,400.93
201261,495.58
201262,187.72
201263,149.14
201264,21217.02
201265,404.87
201266,230.67
201267,27562.17
201268,292.88
201269,966.65
201270,205.92
201271,264.37
201272,1372.95
201273,439.84
201274,753.93
201275,373.77
201276,51.34
201277,204.5
201278,425.13
201279,503.06
201280,140.78
201281,25766.31
201282,103.95
201283,28984.47
201284,613.31
201285,221.02
201286,27216.23
201287,685.16
201288,150.91
201289,309.13
201290,500.54
201291,70.02
201292,401.89
201293,400.15
201294,292.68
201295,227.53
201296,461.11
201297,34085.8
201298,603.0
201299,128.7
201300,146.91
201301,28655.09
201302,21817.77
201303,332.49
201304,140.46
201305,160.34
201306,288.57
201307,70.81
201308,115.0
201309,470.17
201310,160.86
201311,20757.58
201312,136.76
201313,120.07
201314,413.38
201315,24056.12
201316,27658.81
201317,122.94
201318,33271.63
201319,22929.23
201320,25492.31
201321,1231.66
201322,28432.06
201323,213.21
201324,120.22
201325,297.83
201326,886.1
201327,282.66
201328,486.43
201329,18009.45
201330,25702.14
201331,72.33
201332,171.6
201333,287.24
201334,1375.01
201335,501.85
201336,465.55
201337,74.26
201338,112.15
201339,152.86
201340,22896.48
201341,646.25
201342,28134.36
201343,127.0
201344,517.94
201345,303.69
201346,57.1
201347,1051.0
201348,628.32
201349,432.75
201350,84.02
201351,21990.26
201352,525.38
201353,448.39
201354,17827.57
201355,490.36
201356,201.27
201357,149.45
201358,119.14
201359,67.27
201360,98.55
201361,588.02
201362,100.83
201363,17854.5
201364,408.38
201365,219.93
201366,60.7
201367,58.85
201368,359.18
201369,373.29
201370,113.44
201371,654.29
201372,506.16
201373,72.92
201374,646.34
201375,154.26
201376,196.44
201377,260.03
201378,735.06
201379,17467.4
201380,295.0
201381,29327.94
201382,30674.13
201383,20903.89
201384,70.85
201385,466.32
201386,140.88
201387,616.34
201388,23339.14
201389,22554.46
201390,202.53
201391,417.64
201392,835.16
201393,54.09
201394,75.26
201395,568.86
201396,167.8
201397,59.61
201398,95.34
201399,75.03
201400,811.9
201401,541.62
201402,102.53
201403,33850.12
201404,140.86
201405,262.14
201406,22874.18
201407,429.32
201408,518.14
201409,24990.38
201410,164.18
201411,544.75
201412,222.71
201413,28004.4
201414,133.68
201415,875.15
201416,306.72
201417,365.2
201418,524.52
201419,119.18
201420,168.86
201421,314.96
201422,24547.49
201423,402.35
201424,27784.67
201425,204.43
201426,31120.78
201427,68.37
201428,1052.09
201429,79.41
201430,240.01
201431,442.32
201432,63.09
201433,234.48
201434,326.09
201435,792.55
201436,639.79
201437,479.21
201438,169.2
201439,815.32
201440,593.93
201441,290.88
201442,242.67
201443,26452.46
201444,125.43
201445,18609.6
201446,135.19
201447,849.08
201448,23076.66
201449,973.96
201450,103.29
201451,91.59
201452,388.19
201453,100.29
201454,789.53
201455,371.64
201456,150.53
201457,135.09
201458,30314.56
201459,198.56
201460,1679.95
201461,201.65
201462,259.28
201463,291.82
201464,1184.75
201465,126.54
201466,64.15
201467,19668.89
201468,149.94
201469,1560.16
201470,332.78
201471,187.67
201472,267.41
201473,214.24
201474,414.92
201475,28578.59
201476,31668.9
201477,176.82
201478,26886.17
201479,206.33
201480,846.8
201481,287.44
201482,505.96
201483,27728.28
201484,263.13
201485,32127.2
201486,36473.61
201487,122.77
201488,28056.12
201489,697.39
201490,370.72
201491,89.01
201492,65.71
201493,457.35
201494,750.15
201495,50.05
201496,19372.74
201497,23440.31
201498,74.78
201499,58.4
201500,103.7
201501,337.88
201502,701.07
201503,31513.87
201504,187.77
201505,173.12
201506,28488.79
201507,468.15
201508,21141.18
201509,283.91
201510,109.05
201511,1535.41
201512,890.15
201513,310.37
201514,21196.36
201515,119.88
201516,131.17
201517,534.72
201518,106.33
201519,28362.94
201520,139.04
201521,338.32
201522,429.48
201523,29355.08
201524,280.88
201525,507.2
201526,155.23
201527,26286.71
201528,21492.9
201529,385.96
201530,769.84
201531,937.38
201532,494.54
201533,389.26
201534,335.23
201535,238.55
201536,212.07
201537,431.52
201538,384.35
201539,2043.21
201540,58.27
201541,183.01
201542,543.94
201543,307.95
201544,545.55
201545,343.21
201546,239.31
201547,104.01
201548,665.18
201549,436.6
201550,23573.31
201551,352.21
201552,249.09
201553,964.08
201554,474.93
201555,206.43
201556,977.63
201557,93.3
201558,21106.48
201559,72.5
201560,1207.64
201561,180.75
201562,482.11
201563,52.76
201564,991.5
201565,810.65
201566,74.07
201567,226.78
201568,30715.43
201569,260.66
201570,31354.51
201571,322.27
201572,189.22
201573,24358.56
201574,323.8
201575,18325.6
201576,2291.92
201577,72.48
201578,281.57
201579,333.55
201580,127.78
201581,28911.26
201582,74.52
201583,237.54
201584,464.02
201585,53.18
201586,741.58
201587,156.86
201588,597.43
201589,25184.01
201590,997.14
201591,819.78
201592,139.89
201593,154.29
201594,362.82
201595,790.87
201596,1784.89
201597,212.67
201598,655.04
201599,31705.57
201600,579.71
201601,668.72
201602,80.25
201603,29245.48
201604,27412.38
201605,647.74
201606,261.8
201607,88.48
201608,24420.38
201609,231.21
201610,22181.09
201611,945.11
201612,1016.12
201613,429.3
201614,23468.73
201615,793.01
201616,146.76
201617,155.5
201618,21697.39
201619,58.57
201620,682.39
201621,424.54
201622,85.53
201623,33199.25
201624,140.24
201625,576.82
201626,248.44
201627,438.81
201628,250.97
201629,661.68
201630,250.19
201631,19308.1
201632,106.85
201633,24655.72
201634,322.86
201635,27619.9
201636,183.72
201637,1025.14
201638,77.61
201639,26446.64
201640,164.32
201641,163.53
201642,623.45
201643,146.93
201644,110.17
201645,25830.41
201646,71.79
201647,178.08
201648,1078.71
201649,425.99
201650,291.34
201651,946.28
201652,203.3
201653,23512.57
201654,776.97
201655,68.68
201656,458.37
201657,254.37
201658,22542.71
201659,74.82
201660,618.26
201661,198.68
201662,723.36
201663,23697.56
201664,442.44
201665,130.88
201666,278.32
201667,81.29
201668,404.36
201669,157.59
201670,229.83
201671,475.92
201672,435.49
201673,298.65
201674,323.86
201675,339.17
201676,128.51
201677,169.5
201678,357.24
201679,719.99
201680,31362.33
201681,445.34
201682,644.98
201683,15438.78
201684,733.61
201685,25206.64
201686,691.64
201687,620.3
201688,667.22
201689,194.51
201690,290.68
201691,63.32
201692,23328.36
201693,385.84
201694,1355.6
201695,86.66
201696,113.43
201697,14587.45
201698,787.79
201699,24131.48
201700,18692.01
201701,558.53
201702,2049.51
201703,314.0
201704,1512.27
201705,919.59
201706,551.01
201707,194.92
201708,246.93
201709,276.76
201710,27024.96
201711,192.39
201712,622.33
201713,287.13
201714,366.62
201715,493.2
201716,22640.42
201717,129.25
201718,163.19
201719,693.4
201720,115.51
201721,256.27
201722,254.26
201723,25632.21
201724,285.3
201725,78.6
201726,23207.1
201727,426.6
201728,415.76
201729,510.2
201730,132.21
201731,23181.81
201732,26823.62
201733,29234.91
201734,70.85
201735,59.64
201736,25050.0
201737,21875.37
201738,164.62
201739,522.51
201740,117.92
201741,1218.15
201742,350.89
201743,79.25
201744,305.22
201745,143.17
201746,27659.71
201747,25725.0
201748,77.12
201749,437.0
201750,236.78
201751,28489.26
201752,601.02
201753,25874.14
201754,221.47
201755,573.03
201756,715.35
201757,565.86
201758,247.29
201759,85.78
201760,1114.41
201761,132.14
201762,199.44
201763,786.23
201764,113.51
201765,204.58
201766,19803.13
201767,388.72
201768,58.71
201769,335.53
201770,28847.95
201771,472.76
201772,23510.72
201773,653.38
201774,29883.29
201775,1233.98
201776,238.34
201777,1330.01
201778,735.19
201779,479.76
201780,93.67
201781,26206.8
201782,92.69
201783,22939.13
201784,330.96
201785,360.16
201786,80.76
201787,25070.45
201788,615.02
201789,639.97
201790,177.22
201791,28729.74
201792,202.82
201793,22573.99
201794,121.27
201795,21040.17
201796,582.05
201797,139.36
201798,713.93
201799,223.52
201800,235.38
201801,146.99
201802,19578.21
201803,26965.72
201804,143.59
201805,552.86
201806,26323.41
201807,20801.38
201808,119.98
201809,640.48
201810,26713.27
201811,569.2
201812,425.37
201813,22713.02
201814,274.33
201815,283.03
201816,356.07
201817,86.13
201818,72.55
201819,580.95
201820,27925.52
201821,490.97
201822,380.12
201823,23880.03
201824,28087.68
201825,794.94
201826,188.22
201827,276.79
201828,98.29
201829,73.6
201830,22086.15
201831,192.89
201832,32228.79
201833,355.46
201834,165.72
201835,70.53
201836,21788.7
201837,32645.68
201838,219.52
201839,217.66
201840,1062.7
201841,1499.14
201842,268.07
201843,179.76
201844,454.94
201845,117.49
201846,162.67
201847,168.41
201848,478.75
201849,281.94
201850,158.05
201851,613.16
201852,122.48
201853,797.76
201854,752.19
201855,1490.35
201856,351.24
201857,20108.42
201858,764.34
201859,20543.81
201860,26456.56
201861,26686.18
201862,418.67
201863,274.97
201864,284.01
201865,70.95
201866,276.48
201867,86.25
201868,550.94
201869,976.9
201870,27145.16
201871,23090.36
201872,403.65
201873,252.41
201874,422.12
201875,560.13
201876,608.83
201877,474.48
201878,30011.37
201879,22047.77
201880,26354.75
201881,135.06
201882,756.28
201883,725.79
201884,181.84
201885,371.68
201886,61.82
201887,501.33
201888,622.94
201889,318.5
201890,17479.96
201891,308.89
201892,426.44
201893,239.2
201894,134.06
201895,253.89
201896,22067.38
201897,551.13
201898,235.83
201899,25016.92
201900,1401.82
201901,22994.39
201902,108.59
201903,25187.74
201904,94.97
201905,135.92
201906,226.45
201907,256.65
201908,367.95
201909,535.17
201910,184.34
201911,92.4
201912,274.51
201913,162.11
201914,25724.25
201915,98.1
201916,20218.82
201917,133.23
201918,617.95
201919,95.91
201920,287.64
201921,1244.31
201922,286.42
201923,441.09
201924,287.47
201925,774.12
201926,326.83
201927,137.04
201928,166.04
201929,289.46
201930,290.48
201931,23847.84
201932,369.53
201933,25572.2
201934,184.63
201935,346.92
201936,300.87
201937,273.72
201938,293.5
201939,552.28
201940,727.54
201941,305.67
201942,215.59
201943,79.7
201944,94.15
201945,28960.66
201946,18536.45
201947,28915.56
201948,424.46
201949,546.93
201950,87.58
201951,131.42
201952,68.08
201953,813.79
201954,161.11
201955,28826.81
201956,698.76
201957,1172.92
201958,24337.47
201959,215.0
201960,247.5
201961,394.12
201962,173.48
201963,300.63
201964,474.28
201965,24632.62
201966,540.79
201967,22052.92
201968,29037.89
201969,922.44
201970,55.43
201971,20086.22
201972,252.44
201973,103.59
201974,185.38
201975,28831.17
201976,176.48
201977,28172.7
201978,258.26
201979,18243.27
201980,24586.28
201981,1087.84
201982,763.8
201983,99.0
201984,601.5
201985,21880.59
201986,159.79
201987,662.18
201988,549.82
201989,24691.12
201990,22677.41
201991,645.99
201992,53.81
201993,25344.44
201994,462.26
201995,385.58
201996,493.61
201997,55.98
201998,373.8
201999,20610.53
202000,436.14
202001,68.79
202002,186.88
202003,174.74
202004,233.58
202005,21750.39
202006,60.36
202007,133.14
202008,265.1
202009,225.58
202010,198.27
202011,1276.25
202012,29279.09
202013,87.43
202014,765.5
202015,270.5
202016,251.48
202017,642.17
202018,574.57
202019,700.65
202020,738.45
202021,468.06
202022,388.28
202023,830.78
202024,24153.33
202025,555.93
202026,24362.55
202027,293.04
202028,87.85
202029,267.94
202030,63.92
202031,262.29
202032,561.77
202033,705.81
202034,109.89
202035,27088.57
202036,315.84
202037,95.94
202038,171.27
202039,26147.82
202040,24110.1
202041,431.23
202042,618.6
202043,154.39
202044,137.91
202045,673.7
202046,412.31
202047,287.48
202048,817.5
202049,427.08
202050,716.82
202051,608.6
202052,685.69
202053,25972.02
202054,1206.0
202055,24393.14
202056,75.18
202057,74.46
202058,131.21
202059,20585.32
202060,23643.51
202061,167.76
202062,55.13
202063,129.19
202064,28438.34
202065,203.16
202066,25689.02
202067,58.37
202068,1275.88
202069,714.8
202070,160.67
202071,20936.48
202072,93.1
202073,210.35
202074,632.88
202075,342.64
202076,129.62
202077,24870.88
202078,368.87
202079,74.92
202080,275.92
202081,107.54
202082,175.28
202083,529.28
202084,20386.67
202085,642.39
202086,22543.51
202087,33679.75
202088,25925.78
202089,1370.4
202090,788.12
202091,522.69
202092,16291.74
202093,26278.1
202094,336.08
202095,132.46
202096,373.73
202097,246.72
202098,426.27
202099,18817.08
202100,571.54
202101,25637.85
202102,364.77
202103,23046.9
202104,314.0
202105,630.37
202106,181.57
202107,21574.01
202108,994.66
202109,501.0
202110,1269.25
202111,469.25
202112,102.46
202113,190.99
202114,61.54
202115,399.33
202116,102.31
202117,457.71
202118,680.52
202119,63.92
202120,246.73
202121,765.64
202122,488.52
202123,938.38
202124,29363.45
202125,498.37
202126,27128.02
202127,257.37
202128,66.39
202129,132.8
202130,572.29
202131,380.44
202132,202.37
202133,151.11
202134,290.13
202135,319.49
202136,265.4
202137,657.16
202138,29916.86
202139,784.79
202140,74.59
202141,105.76
202142,25504.71
202143,25903.05
202144,361.99
202145,171.05
202146,173.11
202147,910.93
202148,54.61
202149,307.59
202150,382.81
202151,105.42
202152,80.05
202153,161.62
202154,180.74
202155,756.87
202156,31112.13
202157,784.8
202158,345.3
202159,150.23
202160,264.33
202161,435.44
202162,24208.25
202163,692.94
202164,27046.0
202165,153.75
202166,689.96
202167,70.94
202168,23554.76
202169,32561.76
202170,1588.45
202171,1394.31
202172,24749.44
202173,775.22
202174,290.63
202175,427.08
202176,247.0
202177,159.22
202178,200.14
202179,113.89
202180,70.28
202181,25757.92
202182,122.07
202183,22123.56
202184,541.23
202185,243.99
202186,759.11
202187,130.05
202188,26188.98
202189,194.03
202190,745.99
202191,842.48
202192,230.47
202193,64.55
202194,25524.26
202195,188.86
202196,21024.55
202197,517.29
202198,392.98
202199,202.06
202200,137.85
202201,673.02
202202,619.79
202203,556.69
202204,384.98
202205,28448.89
202206,176.96
202207,248.19
202208,82.1
202209,146.37
202210,111.53
202211,65.44
202212,365.14
202213,1000.01
202214,94.82
202215,284.74
202216,22902.21
202217,121.66
202218,991.03
202219,30325.36
202220,179.77
202221,299.57
202222,413.91
202223,163.47
202224,21671.75
202225,675.09
202226,746.57
202227,26866.18
202228,22886.81
202229,23509.3
202230,162.18
202231,28293.12
202232,149.55
202233,22797.79
202234,179.55
202235,23382.41
202236,30101.56
202237,358.86
202238,16697.65
202239,245.63
202240,767.34
202241,24574.65
202242,25730.0
202243,389.5
202244,430.19
202245,397.82
202246,222.6
202247,215.8
202248,376.96
202249,499.87
202250,22059.2
202251,312.53
202252,1591.8
202253,1599.05
202254,538.54
202255,261.66
202256,354.21
202257,1038.68
202258,456.08
202259,195.65
202260,466.72
202261,408.52
202262,24269.72
202263,823.39
202264,844.76
202265,709.61
202266,117.46
202267,59.41
202268,328.59
202269,134.82
202270,19919.76
202271,87.41
202272,23163.64
202273,143.12
202274,890.67
202275,30573.82
202276,396.99
202277,1276.27
202278,17639.69
202279,83.5
202280,32318.48
202281,330.38
202282,105.68
202283,247.07
202284,211.19
202285,78.32
202286,235.77
202287,281.63
202288,1061.66
202289,113.97
202290,28339.01
202291,25289.12
202292,447.17
202293,74.06
202294,60.8
202295,28398.45
202296,90.5
202297,476.74
202298,440.05
202299,107.72
202300,254.53
202301,94.82
202302,247.35
202303,19305.27
202304,174.81
202305,307.94
202306,68.04
202307,163.93
202308,1566.95
202309,25582.08
202310,1198.7
202311,1643.11
202312,29767.6
202313,1708.79
202314,78.96
202315,644.82
202316,121.44
202317,963.49
202318,548.61
202319,227.55
202320,301.26
202321,1203.82
202322,59.35
202323,782.46
202324,780.29
202325,87.45
202326,503.98
202327,94.58
202328,16970.17
202329,117.26
202330,27330.29
202331,493.46
202332,487.15
202333,26249.51
202334,23425.88
202335,248.95
202336,760.39
202337,597.08
202338,488.64
202339,294.4
202340,24743.26
202341,90.81
202342,111.05
202343,369.15
202344,346.84
202345,905.62
202346,113.23
202347,456.56
202348,268.93
202349,232.96
202350,125.76
202351,383.14
202352,26717.36
202353,27842.2
202354,107.57
202355,458.11
202356,332.88
202357,138.9
202358,23351.12
202359,110.81
202360,288.3
202361,229.66
202362,155.17
202363,1069.62
202364,308.53
202365,1025.95
202366,26519.07
202367,28131.49
202368,233.34
202369,839.22
202370,1895.18
202371,269.31
202372,23791.28
202373,341.97
202374,90.68
202375,35046.23
202376,188.32
202377,651.54
202378,391.4
202379,581.16
202380,63.9
202381,107.88
202382,623.83
202383,683.01
202384,111.72
202385,289.22
202386,567.93
202387,1149.67
202388,27781.61
202389,17673.27
202390,862.76
202391,27824.32
202392,112.54
202393,53.18
202394,27133.44
202395,195.42
202396,380.87
202397,17441.4
202398,21208.43
202399,34231.67
202400,22292.02
202401,594.54
202402,343.54
202403,23345.54
202404,396.5
202405,26779.1
202406,114.16
202407,243.81
202408,230.9
202409,250.83
202410,388.78
202411,19513.03
202412,169.47
202413,322.77
202414,183.07
202415,1353.56
202416,50.7
202417,356.46
202418,27344.66
202419,326.71
202420,447.35
202421,479.63
202422,147.0
202423,341.36
202424,73.79
202425,26010.28
202426,244.34
202427,585.94
202428,187.72
202429,27884.54
202430,24971.82
202431,499.87
202432,1252.11
202433,489.47
202434,337.06
202435,760.33
202436,211.8
202437,191.31
202438,21060.03
202439,234.9
202440,27885.92
202441,466.47
202442,23863.38
202443,205.56
202444,1098.94
202445,937.73
202446,226.6
202447,426.24
202448,83.54
202449,380.88
202450,227.21
202451,26405.92
202452,373.9
202453,75.79
202454,101.78
202455,24505.08
202456,151.74
202457,19829.5
202458,354.66
202459,23352.71
202460,118.36
202461,20282.52
202462,1147.26
202463,31553.44
202464,54.12
202465,286.77
202466,19731.47
202467,329.99
202468,208.72
202469,66.65
202470,24955.63
202471,26849.93
202472,26352.09
202473,870.77
202474,417.4
202475,372.11
202476,394.43
202477,104.01
202478,1560.41
202479,135.03
202480,480.47
202481,423.98
202482,234.05
202483,140.93
202484,621.26
202485,28571.82
202486,585.07
202487,877.89
202488,625.9
202489,591.1
202490,33736.39
202491,1076.51
202492,382.21
202493,549.91
202494,480.13
202495,797.06
202496,18447.88
202497,230.67
202498,24214.88
202499,923.17
202500,168.71
202501,30450.25
202502,26386.84
202503,243.59
202504,25312.57
202505,264.65
202506,134.7
202507,555.9
202508,36258.62
202509,457.81
202510,434.7
202511,26890.52
202512,341.41
202513,386.68
202514,149.4
202515,331.55
202516,379.29
202517,188.47
202518,848.85
202519,435.71
202520,57.28
202521,274.81
202522,160.83
202523,51.73
202524,516.67
202525,62.09
202526,464.4
202527,96.45
202528,249.11
202529,82.39
202530,137.31
202531,103.85
202532,784.02
202533,26794.54
202534,21836.4
202535,160.93
202536,400.56
202537,648.36
202538,21738.5
202539,18849.66
202540,217.14
202541,23400.4
202542,356.69
202543,318.23
202544,234.45
202545,296.27
202546,28751.66
202547,127.54
202548,452.43
202549,21652.32
202550,25974.12
202551,356.44
202552,768.24
202553,273.58
202554,835.84
202555,106.2
202556,53.51
202557,1012.95
202558,255.39
202559,759.45
202560,168.17
202561,76.56
202562,783.71
202563,28320.77
202564,1673.64
202565,379.17
202566,229.89
202567,536.06
202568,912.15
202569,26696.27
202570,61.99
202571,822.56
202572,168.6
202573,26109.43
202574,160.6
202575,766.1
202576,138.68
202577,488.06
202578,774.18
202579,244.97
202580,504.62
202581,334.8
202582,305.44
202583,25075.28
202584,474.3
202585,81.34
202586,335.0
202587,341.61
202588,52.66
202589,477.44
202590,29872.78
202591,103.01
202592,1275.21
202593,21842.65
202594,294.48
202595,364.59
202596,152.88
202597,144.78
202598,171.46
202599,74.11
202600,21137.34
202601,690.97
202602,121.39
202603,296.93
202604,359.37
202605,124.02
202606,102.92
202607,19377.75
202608,613.05
202609,37608.23
202610,267.16
202611,56.76
202612,652.52
202613,74.4
202614,95.55
202615,187.62
202616,22300.26
202617,74.37
202618,410.08
202619,21081.12
202620,259.47
202621,353.77
202622,519.76
202623,108.72
202624,439.6
202625,21553.19
202626,111.96
202627,85.08
202628,583.19
202629,56.4
202630,112.81
202631,525.14
202632,636.8
202633,368.22
202634,480.94
202635,82.74
202636,30322.3
202637,29585.76
202638,279.78
202639,23180.82
202640,27686.12
202641,25138.85
202642,387.38
202643,108.4
202644,98.78
202645,304.4
202646,631.46
202647,224.84
202648,222.25
202649,192.47
202650,1731.69
202651,619.67
202652,421.6
202653,172.57
202654,73.54
202655,1557.17
202656,511.92
202657,153.19
202658,1109.1
202659,505.93
202660,72.51
202661,521.35
202662,792.32
202663,350.73
202664,170.69
202665,1013.64
202666,20304.48
202667,22744.21
202668,60.22
202669,382.08
202670,16654.09
202671,226.56
202672,266.17
202673,235.38
202674,80.01
202675,161.41
202676,210.99
202677,26442.59
202678,388.22
202679,30107.86
202680,545.21
202681,1319.17
202682,333.67
202683,689.62
202684,66.84
202685,24400.24
202686,431.95
202687,1059.21
202688,27661.67
202689,99.84
202690,371.22
202691,743.28
202692,23718.81
202693,25204.79
202694,61.57
202695,752.37
202696,97.77
202697,281.93
202698,149.98
202699,81.86
202700,217.54
202701,557.67
202702,31516.67
202703,24399.03
202704,670.64
202705,151.52
202706,346.81
202707,117.42
202708,22163.92
202709,1214.25
202710,55.45
202711,729.59
202712,114.09
202713,56.78
202714,823.37
202715,167.06
202716,24741.25
202717,394.44
202718,30118.07
202719,18728.56
202720,566.33
202721,24647.64
202722,21301.74
202723,376.37
202724,570.51
202725,27062.51
202726,535.15
202727,472.52
202728,570.34
202729,182.63
202730,304.49
202731,338.36
202732,141.67
202733,1072.32
202734,25452.56
202735,306.18
202736,22858.73
202737,200.17
202738,219.76
202739,95.15
202740,264.58
202741,26984.8
202742,235.32
202743,266.68
202744,652.09
202745,1332.74
202746,230.53
202747,511.39
202748,222.18
202749,849.16
202750,53.62
202751,510.86
202752,620.03
202753,126.64
202754,26525.24
202755,320.52
202756,476.89
202757,61.07
202758,427.57
202759,17087.1
202760,128.67
202761,22468.98
202762,440.91
202763,61.29
202764,88.66
202765,227.4
202766,26028.8
202767,29117.83
202768,80.52
202769,112.28
202770,115.1
202771,111.59
202772,30682.02
202773,1024.94
202774,467.6
202775,186.54
202776,539.03
202777,356.35
202778,149.63
202779,25556.24
202780,638.65
202781,434.3
202782,275.89
202783,856.2
202784,140.68
202785,96.81
202786,26034.64
202787,848.7
202788,1143.62
202789,2195.09
202790,139.38
202791,344.88
202792,21119.5
202793,511.62
202794,1056.98
202795,316.47
202796,1315.17
202797,882.04
202798,1324.7
202799,128.81
202800,185.75
202801,664.67
202802,532.67
202803,644.53
202804,19846.77
202805,164.99
202806,636.64
202807,24041.99
202808,211.31
202809,212.68
202810,99.03
202811,185.58
202812,23275.5
202813,1255.43
202814,621.16
202815,929.34
202816,423.65
202817,225.97
202818,57.83
202819,29215.94
202820,532.91
202821,167.34
202822,591.87
202823,25090.52
202824,92.09
202825,264.18
202826,170.12
202827,552.12
202828,24411.9
202829,409.5
202830,426.21
202831,132.73
202832,249.22
202833,89.6
202834,217.87
202835,21756.0
202836,430.73
202837,266.97
202838,17098.05
202839,676.06
202840,210.48
202841,178.07
202842,24137.56
202843,127.27
202844,31235.16
202845,1587.92
202846,240.32
202847,214.25
202848,29950.62
202849,551.7
202850,189.52
202851,63.71
202852,324.49
202853,1242.3
202854,85.14
202855,394.09
202856,536.28
202857,321.79
202858,62.25
202859,368.01
202860,565.78
202861,288.11
202862,112.86
202863,559.12
202864,448.42
202865,511.78
202866,25927.37
202867,239.54
202868,160.06
202869,823.0
202870,23446.61
202871,155.19
202872,88.96
202873,172.08
202874,165.47
202875,217.82
202876,128.31
202877,147.66
202878,1848.82
202879,592.17
202880,18598.92
202881,243.82
202882,265.19
202883,465.26
202884,532.52
202885,27938.55
202886,445.96
202887,966.22
202888,52.94
202889,1440.73
202890,98.4
202891,151.53
202892,408.43
202893,110.44
202894,119.95
202895,24604.62
202896,448.92
202897,262.55
202898,78.64
202899,351.3
202900,409.27
202901,76.04
202902,386.93
202903,25701.15
202904,1429.3
202905,28565.21
202906,485.7
202907,140.97
202908,22992.86
202909,429.0
202910,610.33
202911,291.83
202912,1274.09
202913,21229.77
202914,212.33
202915,22683.5
202916,366.69
202917,389.09
202918,424.26
202919,25028.71
202920,1425.72
202921,1891.98
202922,116.81
202923,20840.77
202924,228.23
202925,29584.12
202926,392.26
202927,313.47
202928,114.38
202929,556.58
202930,340.05
202931,645.9
202932,307.96
202933,255.29
202934,622.0
202935,133.54
202936,67.29
202937,64.57
202938,121.91
202939,16896.77
202940,252.56
202941,679.73
202942,30408.81
202943,157.92
202944,878.09
202945,141.48
202946,1018.89
202947,224.21
202948,19825.97
202949,251.36
202950,141.78
202951,397.57
202952,336.26
202953,321.15
202954,321.75
202955,22244.46
202956,81.03
202957,57.72
202958,97.82
202959,279.64
202960,24875.19
202961,28262.0
202962,103.14
202963,26632.21
202964,30162.58
202965,451.68
202966,240.49
202967,144.92
202968,331.43
202969,198.19
202970,434.44
202971,25072.07
202972,19736.74
202973,366.47
202974,177.15
202975,26067.27
202976,324.99
202977,339.0
202978,92.73
202979,628.02
202980,329.38
202981,116.86
202982,149.93
202983,412.94
202984,121.71
202985,25626.77
202986,94.01
202987,306.1
202988,821.02
202989,347.87
202990,296.57
202991,232.78
202992,902.09
202993,56.36
202994,107.4
202995,66.28
202996,585.23
202997,171.43
202998,78.03
202999,24820.43
203000,802.35
203001,535.58
203002,147.19
203003,29920.89
203004,824.23
203005,13643.69
203006,28446.54
203007,212.53
203008,385.7
203009,63.15
203010,749.74
203011,480.65
203012,540.66
203013,68.18
203014,100.36
203015,122.25
203016,498.14
203017,21662.87
203018,290.07
203019,245.64
203020,347.52
203021,51.53
203022,27150.52
203023,78.04
203024,107.93
203025,122.64
203026,186.51
203027,22221.6
203028,531.87
203029,184.46
203030,167.46
203031,181.84
203032,20435.97
203033,109.45
203034,661.46
203035,514.9
203036,30545.4
203037,403.15
203038,329.11
203039,151.16
203040,69.55
203041,96.66
203042,978.39
203043,742.39
203044,297.58
203045,249.46
203046,200.51
203047,22788.32
203048,21909.36
203049,25002.73
203050,23727.05
203051,217.55
203052,181.82
203053,492.55
203054,27288.03
203055,27023.86
203056,634.53
203057,457.54
203058,101.52
203059,486.95
203060,197.11
203061,21334.9
203062,132.85
203063,672.14
203064,112.19
203065,1436.93
203066,654.84
203067,364.49
203068,187.35
203069,1160.51
203070,53.28
203071,393.17
203072,209.7
203073,29778.37
203074,229.23
203075,640.26
203076,1746.89
203077,1079.99
203078,53.98
203079,31562.46
203080,265.9
203081,32430.81
203082,394.78
203083,26135.0
203084,356.29
203085,362.77
203086,1705.31
203087,30184.25
203088,60.67
203089,68.82
203090,241.41
203091,141.19
203092,145.49
203093,1285.28
203094,54.44
203095,512.27
203096,143.39
203097,64.6
203098,667.89
203099,198.45
203100,362.31
203101,80.5
203102,994.56
203103,101.34
203104,590.19
203105,118.24
203106,98.29
203107,976.46
203108,531.68
203109,82.67
203110,227.39
203111,363.03
203112,303.21
203113,845.93
203114,416.95
203115,19510.14
203116,871.51
203117,139.7
203118,169.09
203119,20171.91
203120,79.23
203121,30848.78
203122,213.11
203123,28063.51
203124,784.42
203125,26059.1
203126,25291.5
203127,17439.96
203128,384.09
203129,231.32
203130,411.07
203131,201.05
203132,21248.3
203133,27850.85
203134,99.34
203135,506.79
203136,293.67
203137,246.53
203138,572.62
203139,315.27
203140,60.9
203141,27010.98
203142,252.4
203143,203.84
203144,716.65
203145,550.73
203146,146.93
203147,609.67
203148,69.66
203149,411.49
203150,645.18
203151,87.31
203152,195.64
203153,444.26
203154,194.17
203155,24665.13
203156,163.75
203157,136.54
203158,22871.33
203159,806.55
203160,170.93
203161,482.44
203162,52.24
203163,585.98
203164,144.79
203165,180.49
203166,556.16
203167,727.54
203168,457.97
203169,16132.72
203170,80.76
203171,61.62
203172,20631.35
203173,111.7
203174,539.96
203175,23192.2
203176,82.43
203177,26316.43
203178,296.8
203179,25120.13
203180,68.57
203181,76.83
203182,446.01
203183,325.94
203184,30247.93
203185,22468.48
203186,290.35
203187,25819.04
203188,259.48
203189,267.31
203190,93.51
203191,503.09
203192,29558.22
203193,702.23
203194,284.92
203195,97.96
203196,112.55
203197,30866.16
203198,23602.24
203199,175.36
203200,27771.43
203201,21780.13
203202,743.21
203203,221.76
203204,385.26
203205,803.31
203206,518.68
203207,195.75
203208,20243.07
203209,20940.96
203210,137.16
203211,107.05
203212,616.0
203213,1102.78
203214,399.47
203215,839.52
203216,297.87
203217,168.51
203218,19103.47
203219,1391.54
203220,224.79
203221,1098.23
203222,225.64
203223,342.29
203224,26797.9
203225,108.06
203226,248.42
203227,377.69
203228,199.6
203229,671.46
203230,99.76
203231,1549.35
203232,667.96
203233,329.11
203234,298.5
203235,19456.05
203236,753.64
203237,113.43
203238,490.76
203239,1345.94
203240,564.63
203241,618.33
203242,289.99
203243,518.64
203244,1280.31
203245,20201.21
203246,89.45
203247,70.78
203248,312.55
203249,467.5
203250,179.1
203251,111.53
203252,707.95
203253,86.03
203254,524.04
203255,203.65
203256,27361.69
203257,397.42
203258,208.19
203259,21884.65
203260,800.93
203261,373.77
203262,823.23
203263,857.37
203264,1207.32
203265,26680.77
203266,20287.84
203267,204.63
203268,318.62
203269,162.15
203270,22012.31
203271,64.33
203272,143.5
203273,28043.39
203274,239.82
203275,1036.04
203276,643.97
203277,518.66
203278,773.85
203279,74.5
203280,226.78
203281,239.65
203282,398.86
203283,68.63
203284,498.98
203285,591.9
203286,356.73
203287,257.47
203288,295.97
203289,124.44
203290,462.89
203291,25592.36
203292,468.39
203293,1660.42
203294,29958.34
203295,65.45
203296,26198.59
203297,26230.71
203298,300.09
203299,1245.28
203300,139.68
203301,1270.51
203302,51.13
203303,506.95
203304,684.93
203305,247.98
203306,609.5
203307,228.51
203308,1000.67
203309,117.54
203310,21762.48
203311,526.35
203312,155.46
203313,844.84
203314,691.1
203315,24090.09
203316,19439.11
203317,22901.73
203318,284.47
203319,19445.83
203320,1229.72
203321,137.19
203322,418.41
203323,25285.01
203324,64.42
203325,24367.38
203326,26422.68
203327,322.39
203328,74.82
203329,133.88
203330,93.39
203331,277.1
203332,360.53
203333,713.17
203334,252.29
203335,1063.66
203336,176.4
203337,655.27
203338,1799.63
203339,21961.19
203340,332.11
203341,835.82
203342,426.48
203343,31812.69
203344,28653.89
203345,829.24
203346,24479.76
203347,117.38
203348,95.49
203349,79.8
203350,531.64
203351,27089.0
203352,24404.12
203353,234.32
203354,424.23
203355,1056.45
203356,198.46
203357,25972.49
203358,403.8
203359,190.64
203360,78.29
203361,173.46
203362,88.97
203363,427.79
203364,427.9
203365,31714.7
203366,269.78
203367,30804.01
203368,24137.33
203369,33211.89
203370,59.4
203371,83.62
203372,161.08
203373,80.97
203374,116.69
203375,1101.4
203376,207.51
203377,710.34
203378,467.93
203379,74.71
203380,259.08
203381,759.82
203382,26765.23
203383,54.37
203384,172.37
203385,214.09
203386,30404.29
203387,454.46
203388,129.75
203389,1230.9
203390,63.4
203391,86.56
203392,198.81
203393,551.86
203394,142.15
203395,739.97
203396,90.97
203397,269.77
203398,84.51
203399,799.64
203400,55.33
203401,131.84
203402,633.33
203403,25757.31
203404,1074.54
203405,544.79
203406,65.65
203407,83.8
203408,418.59
203409,147.52
203410,494.35
203411,126.4
203412,229.92
203413,219.48
203414,376.64
203415,24394.8
203416,26831.22
203417,233.76
203418,106.42
203419,2432.01
203420,400.18
203421,24556.75
203422,27279.04
203423,453.46
203424,23880.76
203425,32194.9
203426,29680.79
203427,153.76
203428,56.4
203429,57.41
203430,27054.46
203431,156.46
203432,144.87
203433,26923.63
203434,446.12
203435,550.96
203436,94.69
203437,366.22
203438,20590.92
203439,1419.78
203440,82.51
203441,30538.13
203442,86.97
203443,103.11
203444,574.28
203445,509.33
203446,161.9
203447,115.61
203448,1177.8
203449,773.14
203450,227.15
203451,182.09
203452,600.58
203453,512.18
203454,267.37
203455,29050.55
203456,92.16
203457,297.02
203458,19861.66
203459,223.6
203460,768.03
203461,24676.49
203462,28601.59
203463,632.28
203464,23409.28
203465,109.7
203466,864.96
203467,280.31
203468,114.16
203469,199.47
203470,687.55
203471,31435.12
203472,205.77
203473,401.22
203474,402.44
203475,392.5
203476,179.63
203477,188.42
203478,871.08
203479,424.87
203480,20894.52
203481,30598.38
203482,375.67
203483,745.2
203484,681.28
203485,56.77
203486,141.46
203487,22569.41
203488,408.04
203489,154.74
203490,17675.42
203491,183.4
203492,55.18
203493,836.14
203494,20617.92
203495,446.11
203496,187.66
203497,379.86
203498,284.64
203499,62.44
203500,123.8
203501,275.28
203502,24471.32
203503,652.89
203504,92.06
203505,184.4
203506,421.64
203507,327.61
203508,132.01
203509,24856.7
203510,70.39
203511,236.23
203512,213.45
203513,116.19
203514,29511.12
203515,178.76
203516,180.79
203517,27771.42
203518,160.8
203519,26697.58
203520,595.59
203521,17624.83
203522,168.46
203523,59.01
203524,193.84
203525,458.66
203526,136.39
203527,21056.78
203528,27011.14
203529,68.04
203530,264.53
203531,210.77
203532,190.87
203533,106.9
203534,2213.77
203535,519.59
203536,17915.73
203537,477.96
203538,21871.99
203539,87.57
203540,1315.19
203541,352.63
203542,142.83
203543,259.11
203544,445.67
203545,526.23
203546,89.09
203547,129.09
203548,392.23
203549,529.71
203550,294.51
203551,84.42
203552,116.7
203553,695.66
203554,840.71
203555,211.11
203556,189.25
203557,391.81
203558,593.65
203559,410.39
203560,166.82
203561,518.03
203562,305.41
203563,227.92
203564,157.31
203565,386.03
203566,478.75
203567,27385.76
203568,624.98
203569,112.25
203570,152.74
203571,54.0
203572,26749.25
203573,273.67
203574,118.23
203575,828.55
203576,233.92
203577,604.34
203578,224.29
203579,737.63
203580,236.84
203581,201.22
203582,26712.74
203583,25850.96
203584,914.8
203585,846.29
203586,83.58
203587,262.04
203588,74.28
203589,482.58
203590,306.22
203591,102.58
203592,969.68
203593,631.02
203594,50.0
203595,213.12
203596,20553.68
203597,20272.5
203598,92.91
203599,24431.41
203600,26192.63
203601,392.03
203602,27067.79
203603,23494.8
203604,583.08
203605,298.88
203606,122.27
203607,942.3
203608,1497.6
203609,1686.43
203610,227.72
203611,26974.62
203612,399.23
203613,462.19
203614,318.58
203615,151.83
203616,583.76
203617,78.03
203618,376.96
203619,460.97
203620,29007.3
203621,21428.85
203622,151.23
203623,645.24
203624,355.97
203625,351.05
203626,126.26
203627,342.48
203628,353.05
203629,1015.43
203630,16485.06
203631,1295.65
203632,319.81
203633,479.03
203634,165.43
203635,79.53
203636,1118.79
203637,401.22
203638,709.45
203639,116.28
203640,97.88
203641,95.29
203642,185.01
203643,23554.15
203644,303.27
203645,1665.64
203646,411.39
203647,516.84
203648,67.94
203649,191.45
203650,19267.39
203651,94.96
203652,51.84
203653,148.53
203654,26701.78
203655,223.88
203656,365.11
203657,398.22
203658,260.37
203659,372.35
203660,66.23
203661,565.79
203662,598.87
203663,27370.27
203664,60.39
203665,85.97
203666,19256.36
203667,476.18
203668,20043.79
203669,126.03
203670,1003.29
203671,367.45
203672,24489.38
203673,19003.94
203674,193.79
203675,29998.02
203676,744.8
203677,29614.36
203678,526.83
203679,22207.2
203680,482.12
203681,26518.56
203682,111.31
203683,2013.02
203684,267.4
203685,142.62
203686,248.18
203687,20313.38
203688,80.92
203689,494.73
203690,264.71
203691,28913.69
203692,96.93
203693,436.52
203694,145.2
203695,22141.28
203696,372.06
203697,120.14
203698,272.2
203699,22462.86
203700,85.21
203701,502.76
203702,263.23
203703,233.22
203704,273.86
203705,989.62
203706,25713.91
203707,24189.9
203708,879.32
203709,26351.83
203710,481.29
203711,355.27
203712,89.18
203713,211.97
203714,503.71
203715,129.51
203716,21127.82
203717,366.91
203718,955.17
203719,498.62
203720,207.6
203721,16215.49
203722,157.86
203723,724.38
203724,971.77
203725,273.25
203726,439.26
203727,323.13
203728,639.59
203729,222.66
203730,178.46
203731,589.05
203732,26841.09
203733,194.08
203734,25180.89
203735,247.54
203736,985.52
203737,325.22
203738,258.41
203739,883.44
203740,613.43
203741,64.9
203742,384.86
203743,95.29
203744,212.36
203745,26776.79
203746,1033.72
203747,23450.55
203748,512.98
203749,227.03
203750,419.4
203751,84.54
203752,24859.97
203753,493.97
203754,77.51
203755,164.94
203756,464.1
203757,122.22
203758,966.06
203759,346.42
203760,364.07
203761,66.48
203762,401.93
203763,405.34
203764,687.39
203765,224.42
203766,310.36
203767,187.22
203768,210.57
203769,296.75
203770,287.4
203771,475.72
203772,306.04
203773,241.47
203774,111.36
203775,279.27
203776,595.72
203777,619.45
203778,183.32
203779,22940.87
203780,28104.11
203781,26077.18
203782,59.77
203783,26480.24
203784,462.36
203785,554.79
203786,402.14
203787,105.62
203788,88.15
203789,160.51
203790,677.77
203791,262.58
203792,335.58
203793,78.07
203794,721.09
203795,323.23
203796,296.44
203797,109.42
203798,23711.89
203799,1104.6
203800,20571.37
203801,187.4
203802,22151.12
203803,255.47
203804,150.67
203805,99.09
203806,149.28
203807,56.44
203808,180.83
203809,23517.67
203810,884.7
203811,23336.13
203812,209.75
203813,206.97
203814,205.5
203815,24267.4
203816,298.11
203817,403.88
203818,294.45
203819,644.64
203820,17824.43
203821,108.88
203822,643.63
203823,1029.3
203824,2654.6
203825,766.7
203826,346.7
203827,103.08
203828,75.58
203829,162.74
203830,62.81
203831,303.13
203832,426.26
203833,21612.6
203834,92.3
203835,24398.72
203836,80.23
203837,548.46
203838,864.6
203839,211.48
203840,348.62
203841,163.46
203842,360.66
203843,790.14
203844,25113.83
203845,30421.77
203846,282.32
203847,519.95
203848,93.21
203849,29260.69
203850,211.61
203851,694.58
203852,234.91
203853,854.42
203854,629.46
203855,353.61
203856,133.59
203857,161.08
203858,587.82
203859,25559.55
203860,1142.6
203861,198.91
203862,111.31
203863,569.71
203864,127.9
203865,1186.1
203866,25711.0
203867,488.16
203868,328.88
203869,440.65
203870,25779.37
203871,77.55
203872,210.47
203873,61.09
203874,24683.73
203875,889.59
203876,644.96
203877,28243.19
203878,50.55
203879,829.12
203880,238.59
203881,166.18
203882,122.85
203883,125.91
203884,889.04
203885,29487.43
203886,34940.76
203887,168.62
203888,441.69
203889,366.42
203890,196.42
203891,22480.46
203892,528.88
203893,322.75
203894,301.36
203895,1208.65
203896,196.09
203897,28798.38
203898,589.96
203899,222.55
203900,64.86
203901,26288.33
203902,266.01
203903,159.67
203904,360.0
203905,612.27
203906,225.64
203907,421.76
203908,21901.54
203909,24628.22
203910,89.56
203911,20799.44
203912,966.58
203913,533.31
203914,321.1
203915,239.6
203916,600.58
203917,912.23
203918,192.29
203919,25776.21
203920,204.07
203921,21704.26
203922,440.8
203923,87.18
203924,1079.18
203925,365.6
203926,110.57
203927,18553.73
203928,72.65
203929,53.44
203930,377.54
203931,25031.52
203932,401.8
203933,228.21
203934,101.63
203935,1442.68
203936,56.44
203937,864.45
203938,399.71
203939,108.49
203940,388.94
203941,419.11
203942,73.66
203943,29467.34
203944,381.23
203945,89.17
203946,97.56
203947,28833.54
203948,60.65
203949,767.91
203950,25745.66
203951,115.92
203952,70.83
203953,22865.6
203954,610.33
203955,120.15
203956,34126.61
203957,195.86
203958,104.45
203959,241.52
203960,125.76
203961,1403.88
203962,133.82
203963,444.48
203964,30301.73
203965,491.06
203966,248.88
203967,192.85
203968,178.82
203969,155.88
203970,24910.88
203971,384.28
203972,178.5
203973,112.29
203974,118.62
203975,362.6
203976,459.92
203977,66.2
203978,213.64
203979,1175.41
203980,353.7
203981,138.88
203982,118.37
203983,165.31
203984,630.08
203985,72.98
203986,294.8
203987,222.56
203988,304.9
203989,663.78
203990,481.74
203991,21327.49
203992,22058.79
203993,227.63
203994,228.39
203995,93.85
203996,399.73
203997,212.92
203998,984.55
203999,160.27
204000,124.74
204001,648.44
204002,32740.62
204003,1100.17
204004,435.09
204005,28505.82
204006,226.03
204007,239.25
204008,24511.77
204009,73.23
204010,138.89
204011,139.72
204012,913.16
204013,57.95
204014,442.29
204015,312.33
204016,122.9
204017,565.01
204018,250.52
204019,325.63
204020,29779.05
204021,1102.24
204022,1136.28
204023,306.01
204024,563.21
204025,361.59
204026,660.14
204027,143.22
204028,475.68
204029,158.0
204030,219.49
204031,22319.54
204032,130.24
204033,1026.22
204034,73.9
204035,299.26
204036,90.96
204037,58.65
204038,202.58
204039,644.34
204040,566.87
204041,376.74
204042,75.75
204043,27942.49
204044,883.61
204045,327.89
204046,172.49
204047,425.69
204048,612.28
204049,147.62
204050,210.27
204051,681.65
204052,553.09
204053,166.18
204054,53.8
204055,93.63
204056,18250.62
204057,25136.11
204058,158.73
204059,87.61
204060,165.35
204061,72.57
204062,24051.95
204063,419.67
204064,755.49
204065,107.32
204066,422.72
204067,196.54
204068,170.59
204069,161.18
204070,182.09
204071,507.63
204072,30036.93
204073,23411.22
204074,143.75
204075,518.13
204076,76.44
204077,14871.02
204078,758.88
204079,142.24
204080,429.56
204081,29766.83
204082,488.22
204083,31092.95
204084,686.86
204085,137.34
204086,31394.15
204087,116.95
204088,23009.72
204089,371.27
204090,24613.51
204091,514.71
204092,17125.98
204093,132.09
204094,424.13
204095,696.07
204096,499.07
204097,687.3
204098,23559.84
204099,128.17
204100,63.2
204101,1336.8
204102,26901.72
204103,74.14
204104,636.45
204105,341.22
204106,431.24
204107,24037.34
204108,307.01
204109,396.01
204110,206.73
204111,256.42
204112,140.61
204113,305.49
204114,137.24
204115,401.29
204116,137.18
204117,1138.0
204118,299.98
204119,931.96
204120,176.0
204121,719.31
204122,130.44
204123,601.7
204124,88.09
204125,27534.64
204126,387.02
204127,149.13
204128,1289.86
204129,214.76
204130,25209.03
204131,26265.43
204132,84.91
204133,25738.84
204134,376.63
204135,1108.47
204136,285.28
204137,105.63
204138,325.21
204139,594.85
204140,467.25
204141,1101.74
204142,22775.53
204143,332.74
204144,307.01
204145,546.36
204146,655.15
204147,462.06
204148,59.29
204149,255.06
204150,862.13
204151,121.88
204152,196.84
204153,128.91
204154,963.11
204155,166.19
204156,1186.69
204157,1496.82
204158,855.32
204159,23862.46
204160,260.72
204161,61.01
204162,759.98
204163,244.37
204164,675.25
204165,69.71
204166,722.94
204167,252.63
204168,878.88
204169,57.52
204170,58.93
204171,332.45
204172,460.91
204173,27999.6
204174,1301.51
204175,346.02
204176,15048.77
204177,176.94
204178,286.78
204179,162.1
204180,25672.24
204181,160.03
204182,136.38
204183,213.56
204184,1182.14
204185,72.06
204186,22087.69
204187,113.97
204188,377.37
204189,217.17
204190,79.27
204191,314.21
204192,27802.8
204193,64.04
204194,466.78
204195,212.84
204196,253.14
204197,138.02
204198,830.67
204199,265.45
204200,53.56
204201,568.69
204202,506.98
204203,693.32
204204,1082.69
204205,96.48
204206,26117.07
204207,168.16
204208,162.46
204209,30956.45
204210,230.83
204211,379.57
204212,369.87
204213,406.72
204214,926.38
204215,26516.61
204216,982.74
204217,225.23
204218,453.06
204219,241.69
204220,421.98
204221,27085.12
204222,1160.14
204223,1202.1
204224,1256.83
204225,272.84
204226,652.63
204227,34214.56
204228,128.98
204229,22567.09
204230,1019.78
204231,391.33
204232,27193.28
204233,199.14
204234,96.96
204235,64.08
204236,364.13
204237,676.27
204238,167.35
204239,24704.11
204240,409.94
204241,758.52
204242,422.65
204243,1320.57
204244,311.59
204245,20130.87
204246,55.07
204247,145.5
204248,165.49
204249,25850.3
204250,169.23
204251,626.57
204252,19653.1
204253,240.41
204254,120.93
204255,419.74
204256,82.47
204257,100.52
204258,545.59
204259,1039.3
204260,303.88
204261,464.63
204262,2098.04
204263,147.9
204264,843.31
204265,264.98
204266,205.36
204267,1203.2
204268,172.07
204269,367.29
204270,282.85
204271,27330.95
204272,307.84
204273,114.77
204274,53.87
204275,669.65
204276,1013.27
204277,623.33
204278,743.5
204279,177.18
204280,20382.55
204281,144.61
204282,75.01
204283,130.85
204284,266.62
204285,117.98
204286,253.06
204287,619.55
204288,150.36
204289,227.54
204290,300.48
204291,115.11
204292,30213.11
204293,324.09
204294,395.83
204295,72.16
204296,536.85
204297,689.22
204298,94.23
204299,93.77
204300,341.45
204301,24690.23
204302,251.44
204303,21508.16
204304,265.31
204305,850.9
204306,24342.66
204307,454.81
204308,21735.13
204309,178.24
204310,188.57
204311,662.0
204312,326.73
204313,23012.27
204314,30810.47
204315,161.79
204316,1187.18
204317,26703.37
204318,22570.58
204319,1831.86
204320,236.23
204321,68.63
204322,24755.98
204323,29273.52
204324,64.38
204325,404.12
204326,252.07
204327,625.22
204328,605.43
204329,201.11
204330,20690.5
204331,181.89
204332,262.86
204333,435.78
204334,102.48
204335,287.61
204336,28357.87
204337,937.84
204338,205.0
204339,435.45
204340,626.05
204341,333.46
204342,231.78
204343,26493.39
204344,268.22
204345,257.77
204346,27272.41
204347,364.82
204348,1516.21
204349,58.99
204350,785.82
204351,120.07
204352,302.61
204353,118.84
204354,552.84
204355,106.95
204356,357.35
204357,73.66
204358,1044.71
204359,115.59
204360,658.98
204361,782.78
204362,502.17
204363,32681.47
204364,126.35
204365,542.66
204366,404.58
204367,29107.95
204368,26354.21
204369,18754.03
204370,55.85
204371,259.78
204372,766.11
204373,64.05
204374,54.28
204375,317.22
204376,580.54
204377,23614.29
204378,315.34
204379,202.62
204380,21972.94
204381,75.44
204382,390.88
204383,26283.14
204384,20521.82
204385,389.51
204386,376.15
204387,201.16
204388,207.22
204389,159.52
204390,603.29
204391,114.46
204392,245.38
204393,353.7
204394,238.96
204395,174.53
204396,420.19
204397,93.76
204398,536.52
204399,32813.04
204400,133.41
204401,761.14
204402,666.6
204403,150.8
204404,14477.08
204405,388.28
204406,459.31
204407,479.48
204408,509.39
204409,336.6
204410,24198.59
204411,245.2
204412,27365.4
204413,154.4
204414,832.52
204415,1029.3
204416,1349.76
204417,25308.63
204418,21048.51
204419,459.38
204420,197.23
204421,410.79
204422,322.47
204423,210.85
204424,567.46
204425,155.27
204426,112.12
204427,146.74
204428,21334.72
204429,171.65
204430,1128.08
204431,24697.34
204432,251.8
204433,183.41
204434,124.15
204435,102.49
204436,450.03
204437,150.48
204438,704.6
204439,242.24
204440,28544.76
204441,58.62
204442,29405.29
204443,61.18
204444,269.06
204445,164.29
204446,195.14
204447,20295.31
204448,663.47
204449,809.98
204450,835.48
204451,235.28
204452,466.14
204453,34089.74
204454,77.52
204455,240.02
204456,107.75
204457,79.58
204458,624.33
204459,343.74
204460,120.67
204461,25931.15
204462,660.87
204463,124.56
204464,582.86
204465,413.27
204466,437.49
204467,54.27
204468,715.43
204469,889.76
204470,92.19
204471,841.08
204472,181.35
204473,858.37
204474,571.51
204475,1463.52
204476,284.05
204477,20794.76
204478,983.73
204479,111.59
204480,348.27
204481,117.06
204482,170.97
204483,1276.44
204484,351.63
204485,268.26
204486,24351.5
204487,271.39
204488,157.42
204489,564.38
204490,81.85
204491,228.1
204492,579.28
204493,323.08
204494,768.91
204495,203.47
204496,26601.93
204497,146.61
204498,155.34
204499,27780.81
204500,614.33
204501,156.19
204502,270.93
204503,22160.84
204504,24843.92
204505,316.95
204506,855.99
204507,606.25
204508,16469.62
204509,21909.73
204510,351.37
204511,566.1
204512,97.98
204513,283.39
204514,29549.26
204515,26832.67
204516,340.06
204517,260.07
204518,23361.25
204519,210.89
204520,76.72
204521,1237.81
204522,243.16
204523,891.33
204524,275.0
204525,144.89
204526,933.37
204527,186.72
204528,29686.87
204529,702.23
204530,1200.58
204531,316.21
204532,103.16
204533,465.65
204534,17124.31
204535,24102.72
204536,468.45
204537,217.6
204538,358.55
204539,725.93
204540,1002.95
204541,82.78
204542,214.83
204543,518.24
204544,254.69
204545,30214.03
204546,550.99
204547,102.7
204548,234.32
204549,784.45
204550,212.92
204551,19132.86
204552,655.3
204553,91.41
204554,1148.17
204555,24125.39
204556,77.99
204557,328.25
204558,284.07
204559,21662.71
204560,32966.21
204561,19968.53
204562,2068.83
204563,351.66
204564,354.12
204565,307.11
204566,325.22
204567,30426.33
204568,95.58
204569,400.26
204570,489.04
204571,94.99
204572,1003.66
204573,1519.66
204574,429.62
204575,775.63
204576,22490.75
204577,519.39
204578,264.49
204579,32591.07
204580,579.75
204581,859.98
204582,152.22
204583,137.89
204584,25157.79
204585,115.93
204586,25445.49
204587,216.77
204588,57.75
204589,805.73
204590,242.2
204591,653.82
204592,68.5
204593,251.06
204594,20506.02
204595,431.21
204596,145.22
204597,687.77
204598,855.97
204599,345.44
204600,83.92
204601,386.96
204602,183.96
204603,22672.87
204604,19416.84
204605,66.35
204606,301.58
204607,421.81
204608,159.45
204609,426.33
204610,162.69
204611,20311.06
204612,165.97
204613,563.62
204614,1260.63
204615,348.9
204616,23537.98
204617,337.15
204618,318.83
204619,318.42
204620,25563.93
204621,399.07
204622,260.13
204623,26252.74
204624,185.84
204625,265.11
204626,276.23
204627,54.28
204628,281.02
204629,24273.99
204630,22086.91
204631,29094.12
204632,227.44
204633,1589.99
204634,221.95
204635,505.61
204636,274.83
204637,33383.37
204638,548.04
204639,23114.95
204640,707.2
204641,462.59
204642,133.39
204643,1544.07
204644,455.79
204645,27416.48
204646,25740.7
204647,34280.16
204648,54.84
204649,330.15
204650,112.99
204651,119.19
204652,129.87
204653,221.85
204654,16390.47
204655,175.47
204656,343.72
204657,28556.15
204658,214.28
204659,409.85
204660,294.8
204661,210.45
204662,937.26
204663,249.72
204664,22511.86
204665,665.11
204666,290.3
204667,224.07
204668,201.09
204669,365.9
204670,684.99
204671,837.34
204672,789.73
204673,138.16
204674,158.04
204675,485.34
204676,621.11
204677,98.61
204678,149.11
204679,337.87
204680,59.02
204681,351.87
204682,401.34
204683,51.62
204684,265.17
204685,507.76
204686,391.71
204687,588.3
204688,180.82
204689,260.8
204690,16926.05
204691,270.03
204692,150.09
204693,169.32
204694,242.3
204695,177.5
204696,381.21
204697,326.93
204698,230.2
204699,14182.43
204700,391.2
204701,383.11
204702,28208.51
204703,323.49
204704,29232.47
204705,231.3
204706,481.06
204707,22042.51
204708,80.53
204709,246.7
204710,135.5
204711,480.52
204712,146.96
204713,360.98
204714,415.26
204715,300.58
204716,294.3
204717,301.6
204718,23547.53
204719,655.14
204720,663.16
204721,895.79
204722,55.86
204723,73.47
204724,273.06
204725,297.48
204726,364.67
204727,1276.3
204728,215.32
204729,64.07
204730,25240.34
204731,301.17
204732,215.78
204733,2165.45
204734,240.43
204735,341.93
204736,65.53
204737,163.71
204738,209.32
204739,355.65
204740,195.36
204741,136.16
204742,976.49
204743,605.12
204744,677.78
204745,23739.65
204746,1023.02
204747,1314.31
204748,291.46
204749,281.18
204750,499.84
204751,144.24
204752,818.31
204753,100.53
204754,25915.99
204755,17895.95
204756,323.84
204757,24608.34
204758,27475.55
204759,54.26
204760,239.93
204761,296.72
204762,75.61
204763,276.2
204764,32422.01
204765,111.34
204766,237.43
204767,937.71
204768,1996.59
204769,18878.15
204770,26987.49
204771,79.62
204772,26390.25
204773,160.55
204774,27061.18
204775,355.44
204776,703.88
204777,31848.16
204778,239.91
204779,145.85
204780,553.08
204781,26244.44
204782,258.83
204783,30244.67
204784,77.76
204785,214.35
204786,100.9
204787,1134.34
204788,380.05
204789,753.72
204790,281.59
204791,343.39
204792,19338.93
204793,164.97
204794,70.24
204795,610.48
204796,1097.11
204797,84.46
204798,22642.91
204799,372.39
204800,749.4
204801,20735.06
204802,1266.98
204803,429.42
204804,183.74
204805,189.47
204806,316.13
204807,29297.27
204808,20386.6
204809,284.19
204810,450.45
204811,830.78
204812,1016.63
204813,25413.75
204814,21546.03
204815,19532.57
204816,116.61
204817,441.19
204818,68.67
204819,23758.77
204820,31624.83
204821,63.9
204822,30384.9
204823,769.08
204824,405.21
204825,21383.73
204826,61.08
204827,176.3
204828,662.97
204829,134.69
204830,306.32
204831,155.29
204832,1158.98
204833,62.35
204834,939.77
204835,72.61
204836,701.5
204837,925.69
204838,1487.97
204839,220.44
204840,23148.24
204841,103.96
204842,103.81
204843,309.37
204844,332.38
204845,1224.53
204846,305.73
204847,59.09
204848,202.42
204849,613.93
204850,763.99
204851,149.01
204852,1271.17
204853,62.58
204854,65.17
204855,25314.31
204856,167.86
204857,173.0
204858,281.27
204859,162.93
204860,625.71
204861,816.61
204862,200.84
204863,927.19
204864,101.61
204865,440.71
204866,738.49
204867,102.83
204868,105.83
204869,885.96
204870,194.83
204871,838.22
204872,733.23
204873,23427.79
204874,51.78
204875,568.63
204876,351.02
204877,249.11
204878,70.31
204879,408.7
204880,74.08
204881,234.62
204882,574.34
204883,23487.97
204884,283.66
204885,304.2
204886,1936.46
204887,379.77
204888,374.04
204889,248.48
204890,850.88
204891,538.68
204892,416.08
204893,25714.78
204894,1898.02
204895,149.45
204896,316.84
204897,25292.79
204898,648.61
204899,26950.24
204900,744.1
204901,466.79
204902,119.14
204903,27715.79
204904,321.4
204905,178.01
204906,682.72
204907,156.93
204908,193.63
204909,595.05
204910,638.32
204911,377.69
204912,308.77
204913,294.14
204914,369.81
204915,84.72
204916,29733.97
204917,111.12
204918,274.73
204919,19878.18
204920,101.5
204921,23691.93
204922,21800.24
204923,579.7
204924,859.28
204925,719.12
204926,31573.51
204927,30989.73
204928,810.33
204929,130.67
204930,21476.98
204931,623.37
204932,28525.63
204933,157.78
204934,97.14
204935,147.0
204936,25318.39
204937,147.16
204938,55.05
204939,1951.64
204940,89.45
204941,268.42
204942,27296.28
204943,33660.22
204944,487.19
204945,363.51
204946,23676.84
204947,812.9
204948,1663.7
204949,547.62
204950,240.16
204951,20991.13
204952,50.23
204953,1079.76
204954,392.36
204955,91.18
204956,159.91
204957,81.13
204958,547.71
204959,132.82
204960,108.74
204961,688.12
204962,18804.16
204963,52.24
204964,25866.5
204965,180.37
204966,262.02
204967,152.03
204968,141.97
204969,80.09
204970,1201.71
204971,232.84
204972,223.62
204973,224.67
204974,243.21
204975,20957.61
204976,25889.16
204977,20698.75
204978,305.94
204979,19335.09
204980,32044.75
204981,205.2
204982,154.56
204983,657.3
204984,1043.34
204985,247.94
204986,120.28
204987,64.09
204988,26665.78
204989,154.81
204990,348.2
204991,296.3
204992,22217.22
204993,320.8
204994,78.04
204995,70.56
204996,83.12
204997,326.88
204998,31782.89
204999,416.76
205000,28901.25
