customer_id,days_as_customer,transactions_per_month,engagement,support_tickets,avg_spend,churn
300001,132,1.4,5.06,3,96.46,0
300002,465,3.19,13.46,8,478.39,1
300003,890,21.06,71.22,2,44.5,0
300004,300,16.5,58.23,2,183.92,0
300005,136,22.75,77.47,2,256.56,0
300006,101,27.48,100.86,2,251.71,0
300007,730,17.97,59.72,4,11.94,0
300008,50,22.06,77.39,3,255.57,0
300009,644,22.96,81.33,0,198.05,0
300010,151,11.96,43.04,0,486.32,0
300011,496,7.99,26.23,2,87.99,1
300012,244,6.95,21.63,4,183.54,0
300013,360,8.29,27.32,3,215.55,1
300014,488,8.97,32.97,4,201.44,0
300015,117,7.01,24.1,2,336.26,0
300016,402,26.47,95.03,3,115.6,0
300017,129,22.95,81.77,2,118.33,0
300018,901,2.36,1.43,7,367.31,1
300019,693,8.79,31.51,1,255.14,0
300020,160,1.64,12.5,1,213.43,0
300021,691,15.45,58.04,2,92.91,1
300022,338,14.81,53.1,2,101.89,0
300023,799,25.11,84.71,1,15.17,0
300024,373,9.93,36.17,5,54.8,1
300025,521,24.68,88.58,0,282.85,0
300026,443,29.07,100.99,3,447.02,0
300027,835,3.56,13.42,2,150.71,0
300028,415,23.96,88.4,2,170.6,0
300029,221,18.11,60.81,1,66.65,0
300030,985,14.92,49.05,2,200.43,0
300031,306,13.2,48.26,1,28.24,0
300032,190,23.76,84.52,5,459.62,0
300033,489,19.54,71.48,2,339.82,0
300034,343,24.35,86.92,1,495.47,0
300035,51,27.19,93.47,3,442.58,0
300036,282,18.9,67.45,1,241.77,0
300037,777,29.43,99.59,3,264.65,0
300038,886,18.63,64.47,2,103.38,0
300039,590,19.46,69.63,4,236.4,0
300040,504,17.09,58.73,1,452.48,0
300041,88,3.64,20.14,4,34.92,1
300042,540,22.07,71.55,1,433.14,0
300043,711,16.88,57.42,1,177.06,0
300044,505,14.08,46.45,1,450.76,0
300045,729,27.4,93.81,2,471.03,0
300046,812,9.64,31.81,0,338.72,0
300047,219,16.18,52.67,1,335.57,0
300048,987,21.23,76.57,2,231.85,0
300049,716,24.1,82.7,4,419.41,0
300050,987,14.32,50.61,4,481.19,1
300051,592,25.42,87.67,2,389.79,0
300052,905,23.3,79.47,2,314.75,0
300053,596,2.92,15.24,4,307.33,0
300054,273,2.33,10.92,2,426.24,0
300055,861,19.0,60.91,2,275.19,0
300056,534,11.07,32.84,5,403.89,1
300057,160,7.06,27.85,3,259.35,1
300058,514,17.81,60.77,5,40.6,0
300059,848,10.91,33.22,1,198.13,0
300060,676,16.58,61.17,0,227.78,0
300061,50,14.34,50.71,1,79.39,0
300062,870,17.96,63.61,5,60.22,0
300063,196,12.61,46.56,1,272.38,0
300064,303,21.23,70.38,2,51.72,0
300065,417,6.22,16.88,1,158.44,0
300066,630,21.2,78.94,3,374.85,0
300067,345,12.94,40.97,7,482.57,0
300068,43,26.36,88.58,2,361.76,0
300069,271,15.94,52.73,3,496.39,0
300070,806,29.22,108.51,2,352.19,0
300071,375,18.46,66.08,0,153.96,0
300072,594,7.49,29.12,4,339.31,0
300073,927,24.83,87.5,2,354.06,0
300074,369,11.01,36.72,2,192.15,0
300075,121,11.08,40.68,3,18.68,0
300076,396,1.92,2.06,4,354.57,0
300077,985,16.91,55.91,4,20.63,1
300078,484,16.5,59.94,0,319.28,0
300079,457,11.32,35.56,1,90.17,0
300080,538,26.93,93.7,2,287.15,0
300081,805,4.73,16.14,1,256.92,0
300082,972,10.57,35.42,3,16.62,0
300083,64,10.33,30.29,5,187.8,0
300084,235,3.68,10.98,3,304.53,0
300085,110,14.95,49.86,3,425.82,0
300086,961,20.95,73.79,1,445.43,0
300087,591,15.84,55.76,6,247.09,0
300088,901,5.55,20.57,3,366.93,0
300089,417,11.94,39.77,2,165.06,1
300090,31,1.08,5.33,1,177.67,0
300091,419,26.18,86.96,1,105.29,0
300092,595,3.45,6.61,0,285.35,0
300093,135,18.32,57.12,3,164.14,0
300094,801,29.6,102.11,3,51.34,0
300095,851,16.56,55.7,3,345.65,0
300096,506,27.8,99.66,3,356.8,0
300097,732,7.85,25.52,4,186.4,0
300098,431,23.04,81.46,5,47.59,0
300099,759,16.41,59.86,5,218.89,1
300100,585,21.89,74.57,1,226.74,0
300101,191,2.81,10.72,4,337.65,0
300102,231,5.28,21.5,2,164.55,0
300103,987,4.86,13.3,1,344.47,0
300104,299,20.93,73.32,1,437.03,0
300105,892,25.49,87.16,1,126.37,0
300106,845,22.74,76.06,2,489.67,0
300107,300,1.88,1.98,6,199.32,1
300108,485,26.15,87.95,1,140.96,0
300109,491,11.27,39.63,3,216.54,1
300110,756,12.52,38.98,1,56.25,0
300111,281,4.04,12.49,5,71.6,0
300112,731,22.38,80.79,2,213.07,0
300113,325,6.29,23.35,2,383.6,0
300114,754,17.35,59.15,5,451.15,0
300115,749,25.38,93.9,2,335.76,0
300116,778,3.59,18.23,2,61.56,0
300117,367,16.52,57.91,3,339.29,0
300118,908,7.76,19.77,4,321.36,0
300119,82,10.94,40.97,2,404.82,0
300120,821,14.75,44.73,2,414.37,0
300121,951,11.3,43.97,2,435.42,0
300122,246,19.82,72.61,1,212.92,0
300123,793,14.91,57.5,1,351.95,0
300124,217,17.94,63.58,2,141.44,0
300125,409,22.37,77.2,6,499.67,0
300126,522,17.17,58.76,2,95.91,0
300127,70,18.01,61.39,2,14.96,1
300128,186,17.37,63.74,6,82.92,1
300129,44,11.98,44.08,2,390.18,0
300130,842,10.79,38.11,7,228.92,1
300131,94,27.09,92.65,4,229.28,0
300132,886,18.62,73.05,3,477.96,0
300133,868,8.09,31.04,1,460.62,0
300134,550,15.45,49.28,4,162.49,0
300135,373,10.58,35.48,0,112.44,0
300136,158,28.08,101.07,2,425.76,0
300137,677,1.22,1.87,1,453.95,0
300138,501,7.53,27.43,0,275.38,0
300139,92,11.6,43.44,2,318.42,0
300140,168,15.15,42.85,6,135.89,0
300141,528,25.67,89.53,1,402.39,0
300142,622,3.55,12.21,1,319.74,0
300143,421,24.37,84.06,4,256.72,0
300144,704,2.61,10.05,0,39.45,0
300145,448,25.43,90.97,5,458.81,0
300146,318,2.5,9.17,1,311.57,0
300147,408,1.53,4.23,1,104.42,0
300148,802,21.21,76.14,3,307.13,0
300149,519,29.92,104.87,3,341.96,0
300150,260,27.0,93.81,2,267.63,0
300151,70,17.7,58.03,3,361.87,0
300152,57,27.6,91.93,2,294.91,0
300153,164,1.15,0.04,5,474.41,1
300154,230,29.28,103.3,3,36.31,0
300155,869,15.23,53.07,6,62.06,0
300156,809,21.96,72.43,1,95.1,0
300157,959,24.8,88.76,4,348.18,0
300158,62,21.84,80.55,3,326.34,0
300159,77,16.52,56.01,3,447.11,0
300160,532,14.82,46.65,1,369.11,0
300161,436,25.32,86.49,7,259.09,1
300162,603,6.95,26.88,2,496.0,0
300163,757,29.07,103.4,6,140.39,1
300164,834,21.62,72.89,2,418.26,0
300165,128,6.79,28.31,2,219.13,0
300166,713,22.35,82.27,9,327.88,1
300167,901,16.37,55.08,2,366.36,0
300168,755,21.51,73.05,5,320.54,0
300169,576,23.27,79.65,0,78.85,0
300170,990,3.53,10.84,1,227.05,0
300171,768,15.68,57.72,0,285.1,0
300172,642,28.03,99.38,3,426.03,0
300173,972,10.3,38.68,1,227.39,1
300174,491,18.22,65.8,3,460.19,0
300175,672,11.71,46.12,0,225.78,0
300176,798,14.17,46.43,3,278.9,0
300177,34,16.91,60.32,4,400.18,0
300178,247,16.92,52.69,3,295.7,0
300179,532,6.85,20.02,6,480.51,0
300180,796,20.85,72.76,2,333.56,0
300181,427,3.55,13.67,2,266.13,0
300182,900,5.03,17.29,2,21.56,0
300183,824,1.08,2.07,4,212.73,1
300184,422,4.38,14.18,0,156.63,0
300185,236,14.72,55.63,3,376.57,0
300186,44,18.58,63.87,1,112.06,0
300187,887,24.03,89.37,1,110.56,0
300188,583,4.09,16.71,7,102.86,1
300189,921,25.67,91.22,1,71.55,0
300190,490,22.63,75.64,1,162.39,0
300191,720,12.85,47.77,2,444.1,0
300192,604,28.06,96.71,3,389.71,0
300193,893,29.74,100.5,5,370.27,0
300194,772,6.95,25.85,3,400.7,1
300195,270,12.0,37.83,3,142.01,0
300196,593,27.87,95.25,3,444.85,0
300197,125,21.93,76.71,4,77.28,1
300198,929,2.39,15.04,3,174.81,0
300199,763,23.66,80.76,1,297.51,0
300200,514,25.01,86.16,1,60.42,0
300201,436,22.76,81.87,3,367.76,0
300202,260,24.19,80.94,1,199.75,0
300203,778,24.93,88.58,1,394.36,0
300204,684,6.41,26.04,2,251.52,0
300205,200,7.84,26.5,3,98.63,0
300206,570,19.38,70.9,4,370.03,0
300207,65,27.33,96.52,2,133.55,0
300208,554,10.17,33.4,3,250.5,0
300209,189,18.06,62.62,3,47.01,0
300210,868,20.81,71.68,0,312.75,0
300211,728,14.11,49.11,2,336.27,0
300212,272,21.7,76.41,3,195.55,0
300213,115,27.09,96.58,1,477.67,1
300214,825,19.1,68.37,4,438.34,1
300215,607,16.65,50.99,0,356.89,0
300216,711,13.72,47.74,1,359.69,0
300217,586,17.75,57.59,2,133.68,0
300218,603,11.31,38.74,4,331.84,0
300219,982,12.35,42.86,1,107.12,0
300220,675,16.42,60.41,2,80.56,0
300221,825,2.93,10.17,5,499.74,0
300222,57,7.64,27.52,7,314.96,0
300223,649,16.74,60.98,2,221.18,0
300224,585,13.51,50.98,5,151.2,0
300225,369,10.65,36.91,3,305.92,0
300226,827,22.19,77.93,5,34.3,0
300227,987,21.12,73.94,1,56.39,0
300228,360,5.84,18.8,2,26.1,0
300229,669,26.48,90.37,4,254.59,0
300230,535,15.37,46.97,2,304.3,0
300231,377,22.5,75.53,2,40.62,0
300232,502,17.62,56.34,6,363.4,0
300233,260,29.93,108.53,0,122.89,0
300234,219,22.82,80.43,7,345.75,1
300235,254,21.5,74.88,4,491.13,0
300236,414,23.58,80.37,3,348.64,0
300237,406,5.15,18.12,2,442.76,0
300238,312,6.93,21.72,6,474.62,1
300239,987,21.71,76.5,4,248.51,0
300240,662,15.33,54.38,3,354.14,0
300241,657,22.88,77.51,0,427.46,0
300242,774,3.98,11.3,2,184.74,0
300243,288,16.56,60.84,5,138.08,0
300244,388,11.99,41.79,2,473.83,0
300245,739,14.25,47.54,2,365.89,0
300246,485,18.51,63.69,2,117.64,0
300247,440,15.57,51.45,3,230.05,0
300248,678,16.66,58.09,3,400.26,0
300249,347,15.1,55.36,3,278.06,0
300250,706,12.86,44.93,3,328.48,0
300251,254,23.38,88.94,2,379.35,0
300252,848,1.35,6.0,2,314.78,1
300253,263,18.35,64.93,5,274.64,0
300254,713,17.4,58.17,1,377.31,1
300255,693,21.77,75.48,2,366.51,0
300256,856,18.37,61.96,2,318.64,0
300257,403,24.98,80.92,0,186.3,0
300258,701,28.81,103.77,0,208.85,0
300259,637,10.93,36.73,3,485.51,0
300260,501,7.59,24.29,1,65.07,0
300261,262,13.28,47.13,4,141.57,0
300262,721,9.35,34.26,4,251.28,0
300263,142,18.83,64.96,1,420.0,0
300264,859,27.44,96.05,6,90.2,0
300265,526,5.03,19.86,1,145.71,0
300266,471,3.92,12.65,3,42.24,0
300267,593,8.42,30.39,3,355.93,0
300268,297,22.06,72.22,0,126.72,0
300269,539,18.2,59.96,1,200.45,0
300270,836,3.96,15.69,1,227.41,0
300271,415,27.64,92.87,4,446.74,0
300272,416,23.91,84.4,1,211.55,0
300273,142,1.67,5.4,2,81.16,0
300274,642,19.89,68.52,0,266.91,0
300275,654,23.37,79.3,1,481.85,0
300276,981,11.86,44.23,4,307.77,0
300277,110,3.0,15.69,4,491.86,0
300278,728,3.24,12.25,3,422.14,0
300279,142,4.02,15.05,1,27.62,0
300280,31,25.37,86.76,2,332.62,0
300281,671,27.41,92.35,1,150.52,0
300282,249,4.56,15.85,3,284.21,0
300283,595,7.84,24.52,3,146.88,0
300284,884,5.8,14.98,0,180.95,0
300285,765,6.4,24.82,3,462.35,0
300286,254,25.29,91.06,2,111.26,0
300287,414,10.63,34.64,3,438.31,0
300288,432,10.03,35.84,1,24.92,0
300289,667,7.59,29.59,3,54.53,0
300290,159,18.63,65.82,0,428.79,0
300291,82,12.0,38.42,1,318.97,0
300292,713,22.58,78.34,3,376.15,0
300293,759,6.96,28.35,3,112.61,0
300294,701,23.85,84.2,3,273.17,0
300295,739,18.51,66.4,2,371.24,0
300296,445,4.31,16.12,3,317.38,0
300297,276,13.02,43.01,1,241.13,0
300298,865,26.04,89.28,4,480.29,0
300299,468,27.77,98.2,3,341.32,0
300300,232,14.51,53.22,1,454.8,0
300301,213,14.94,55.6,1,367.59,0
300302,152,27.64,94.15,2,370.38,0
300303,430,18.02,64.39,2,49.21,0
300304,796,1.95,10.4,2,186.14,0
300305,323,27.47,93.18,2,430.6,0
300306,309,8.2,33.16,2,123.98,0
300307,866,17.75,67.05,1,66.6,0
300308,913,5.8,28.17,1,169.79,0
300309,639,1.98,7.63,4,118.01,1
300310,227,10.03,35.82,0,463.39,0
300311,936,23.63,85.2,2,435.3,0
300312,540,9.05,34.07,3,254.84,1
300313,781,7.38,29.22,3,40.06,0
300314,173,7.17,27.44,5,360.14,0
300315,638,15.94,55.47,1,315.47,0
300316,230,29.29,106.18,3,485.57,0
300317,153,14.31,46.87,5,283.89,0
300318,216,17.16,60.08,2,174.83,0
300319,355,25.96,95.55,1,264.32,0
300320,493,16.52,54.06,5,489.84,0
300321,378,6.35,20.19,5,351.22,0
300322,800,9.69,35.92,1,339.27,0
300323,689,9.99,36.14,1,127.93,0
300324,793,12.52,41.2,0,374.37,0
300325,984,13.38,45.57,3,377.63,0
300326,961,24.19,81.14,1,165.47,0
300327,432,11.13,41.9,1,247.02,0
300328,375,14.58,50.26,3,154.36,0
300329,992,19.12,72.31,5,136.77,0
300330,540,11.95,42.08,3,22.69,1
300331,176,25.26,87.75,0,149.75,0
300332,177,18.04,62.18,3,281.45,0
300333,893,9.53,32.61,2,10.78,0
300334,740,21.71,76.31,1,148.78,0
300335,849,16.3,64.59,1,441.89,0
300336,518,16.5,56.73,1,300.89,0
300337,958,14.95,51.41,1,307.85,0
300338,965,15.41,54.14,0,207.65,0
300339,669,23.2,84.45,2,341.47,0
300340,580,3.99,9.69,5,103.07,1
300341,367,10.7,38.8,3,411.19,0
300342,901,3.19,8.71,4,67.18,0
300343,670,22.84,81.61,1,331.44,0
300344,808,8.9,29.66,3,177.16,0
300345,982,27.03,87.68,3,376.28,0
300346,502,16.27,58.06,2,279.38,0
300347,975,24.22,85.86,1,231.65,0
300348,180,29.39,101.12,3,93.02,0
300349,444,25.35,86.82,1,322.04,0
300350,327,26.14,87.57,2,487.64,0
300351,640,12.83,47.23,0,414.55,0
300352,292,17.0,62.15,1,39.4,0
300353,793,8.36,26.63,2,194.35,0
300354,173,6.69,21.79,1,463.54,0
300355,375,15.66,54.62,5,256.49,0
300356,653,18.26,70.71,4,334.43,0
300357,601,10.84,39.57,0,457.17,0
300358,910,17.51,58.47,2,438.16,0
300359,31,26.74,94.49,1,255.89,0
300360,926,17.14,55.88,2,224.45,0
300361,333,21.9,78.82,2,176.45,0
300362,283,24.35,90.27,4,362.32,0
300363,681,29.67,108.9,1,150.62,0
300364,482,18.49,66.93,2,132.44,0
300365,66,24.4,83.65,3,184.56,0
300366,189,28.92,97.31,0,96.84,0
300367,38,28.39,95.16,1,350.61,0
300368,262,5.09,9.4,0,311.96,0
300369,128,12.79,46.83,4,246.61,0
300370,688,10.4,36.08,2,201.26,0
300371,845,3.52,15.05,2,455.44,0
300372,237,19.36,72.06,3,24.27,0
300373,160,22.34,78.49,1,386.86,0
300374,433,25.6,90.02,6,451.94,0
300375,181,4.56,14.57,4,228.71,1
300376,83,26.42,91.42,2,279.84,0
300377,149,19.64,70.94,3,472.79,0
300378,702,21.41,74.43,5,114.02,1
300379,949,27.41,94.97,5,264.87,0
300380,657,19.12,66.86,3,242.61,0
300381,616,10.74,40.25,2,136.61,0
300382,654,24.93,85.17,1,411.11,0
300383,997,11.53,40.15,3,450.8,0
300384,449,1.99,7.71,3,393.15,0
300385,451,25.09,91.29,4,105.73,0
300386,133,11.01,37.82,2,52.51,0
300387,881,23.44,79.89,2,306.67,0
300388,283,11.52,38.87,1,37.98,0
300389,256,25.97,94.06,6,339.68,0
300390,141,7.37,31.88,3,269.91,1
300391,539,29.26,98.48,1,334.77,0
300392,502,23.61,79.36,3,299.18,0
300393,128,4.31,14.59,0,217.12,0
300394,182,17.41,61.26,3,108.43,0
300395,890,29.58,105.88,3,159.79,0
300396,943,14.66,48.64,4,267.01,0
300397,925,6.28,18.79,3,329.42,1
300398,907,15.06,53.12,2,391.95,0
300399,367,15.86,54.74,3,385.91,0
300400,735,22.51,81.56,2,486.62,0
300401,851,21.27,75.89,2,150.06,0
300402,192,12.67,46.02,2,44.84,0
300403,749,7.32,25.32,4,179.37,0
300404,986,19.71,76.04,0,374.21,0
300405,710,13.23,43.79,3,224.67,0
300406,190,4.84,18.76,3,410.72,1
300407,609,27.12,91.1,2,279.17,0
300408,830,21.05,70.44,1,465.6,0
300409,427,20.81,71.02,7,474.45,0
300410,306,24.85,91.88,8,43.96,0
300411,845,16.36,58.05,3,233.64,0
300412,945,24.64,84.46,3,308.75,0
300413,533,15.44,55.18,0,135.38,0
300414,925,2.95,10.42,1,209.47,0
300415,421,12.75,43.16,1,342.06,0
300416,164,15.43,49.8,3,121.1,0
300417,224,21.89,80.92,1,304.97,0
300418,430,4.09,14.95,3,351.75,0
300419,669,5.06,24.23,3,54.34,1
300420,62,8.65,33.08,1,253.79,0
300421,717,8.73,32.2,2,138.91,0
300422,489,22.23,76.51,2,364.95,0
300423,984,8.27,25.66,1,102.88,0
300424,912,19.36,67.11,3,447.2,0
300425,499,15.33,50.3,1,221.16,0
300426,404,17.63,63.64,1,107.02,0
300427,51,25.31,93.47,3,224.63,0
300428,779,12.73,43.76,1,210.28,0
300429,699,23.36,84.58,5,220.17,0
300430,67,13.24,44.27,2,296.93,0
300431,259,11.26,38.51,1,265.38,0
300432,394,28.8,98.36,3,83.39,0
300433,592,6.35,15.81,2,42.13,0
300434,467,3.62,12.56,3,367.41,1
300435,805,23.36,82.14,4,284.26,0
300436,312,2.98,13.62,3,185.91,0
300437,56,25.28,90.85,2,406.1,0
300438,255,13.68,50.3,2,200.15,0
300439,306,27.55,93.5,1,400.02,0
300440,827,21.92,78.11,1,159.82,0
300441,638,18.7,70.2,2,45.69,1
300442,313,28.53,100.99,3,466.99,0
300443,908,12.5,49.25,1,203.33,0
300444,989,28.67,106.4,1,398.42,0
300445,510,4.92,16.4,3,146.78,0
300446,482,15.03,50.51,0,326.72,0
300447,858,8.83,28.61,2,437.92,0
300448,845,16.66,53.75,1,30.41,0
300449,688,5.7,18.39,1,417.01,0
300450,545,25.4,92.54,5,289.95,0
300451,576,25.55,82.8,2,307.66,0
300452,221,28.7,97.34,2,266.35,0
300453,78,5.49,18.82,5,438.49,1
300454,541,19.08,64.14,2,31.28,0
300455,46,14.75,50.05,0,137.9,0
300456,201,10.99,36.92,3,439.12,0
300457,249,11.19,38.41,1,378.65,0
300458,187,12.97,43.21,6,18.65,1
300459,506,21.44,72.62,6,263.33,0
300460,75,18.35,67.03,2,269.49,0
300461,402,14.33,53.31,2,206.43,0
300462,547,3.2,7.07,2,155.72,1
300463,128,3.26,3.11,2,344.05,0
300464,921,1.07,6.93,3,111.82,0
300465,774,29.06,98.04,1,401.48,0
300466,66,1.15,4.67,1,403.49,0
300467,309,3.99,9.27,3,213.48,1
300468,378,10.12,39.32,2,148.94,0
300469,526,24.42,93.09,2,149.1,0
300470,331,28.9,101.7,1,246.32,0
300471,210,23.91,83.4,5,362.59,0
300472,636,21.03,72.63,6,185.85,0
300473,128,16.12,58.76,0,308.92,0
300474,729,3.51,14.0,2,197.42,0
300475,145,28.79,103.76,3,159.22,0
300476,220,22.99,78.59,4,22.18,1
300477,282,19.53,69.37,3,11.92,1
300478,957,23.01,78.91,3,121.33,0
300479,190,22.0,73.82,3,209.14,0
300480,285,19.48,68.06,2,427.12,0
300481,352,29.44,100.26,5,401.26,0
300482,157,27.2,98.71,2,140.91,1
300483,47,19.75,66.55,1,129.82,0
300484,822,21.1,74.95,3,121.39,1
300485,764,2.5,6.93,3,176.23,1
300486,595,20.43,72.33,2,254.12,0
300487,599,2.28,6.41,3,224.95,0
300488,352,18.06,59.44,2,116.95,0
300489,901,29.98,106.39,3,73.92,0
300490,715,17.12,59.21,1,16.16,0
300491,821,14.72,52.39,1,85.44,0
300492,655,10.07,33.97,0,355.62,0
300493,317,4.5,11.75,0,129.38,0
300494,972,22.2,80.95,2,239.61,0
300495,883,6.59,25.26,2,299.74,1
300496,692,4.34,13.5,1,444.55,0
300497,991,13.23,46.52,4,445.54,0
300498,668,24.06,87.35,1,375.41,0
300499,184,22.61,77.75,1,27.23,0
300500,519,2.59,8.16,2,291.78,0
300501,415,14.2,50.43,3,395.43,0
300502,814,16.15,55.15,4,18.47,0
300503,133,19.69,71.49,1,279.35,0
300504,958,19.85,68.99,3,430.3,0
300505,422,11.58,38.16,2,242.31,0
300506,840,17.26,62.23,4,12.01,1
300507,275,14.95,48.9,2,15.4,0
300508,205,26.66,99.37,2,214.15,0
300509,68,16.38,62.07,2,85.95,0
300510,506,13.79,49.81,1,335.58,0
300511,711,12.73,45.84,1,357.31,0
300512,788,17.6,62.75,2,97.16,0
300513,567,24.32,83.64,1,445.38,0
300514,896,16.61,59.04,5,226.53,0
300515,847,20.19,67.89,3,79.99,0
300516,950,22.4,79.9,1,384.48,0
300517,437,16.08,58.9,0,397.09,0
300518,554,13.38,45.69,2,323.25,0
300519,857,26.42,90.7,3,428.2,0
300520,535,13.11,42.24,1,371.31,0
300521,932,14.4,54.76,2,442.28,0
300522,854,29.72,102.47,6,222.61,1
300523,65,1.01,2.93,2,376.32,1
300524,714,6.38,23.23,0,499.88,0
300525,49,12.13,43.32,4,365.22,1
300526,350,28.05,100.4,6,65.95,0
300527,805,3.03,9.47,2,263.98,0
300528,541,1.28,1.05,1,297.8,0
300529,429,2.53,4.91,2,95.36,0
300530,683,3.57,10.75,1,481.82,0
300531,912,2.09,4.46,1,96.03,0
300532,500,14.91,51.29,1,97.0,0
300533,172,17.84,66.37,4,458.43,0
300534,121,8.88,29.94,4,237.95,0
300535,383,12.55,42.79,3,40.96,1
300536,863,3.66,12.76,3,303.11,1
300537,829,10.75,36.42,3,304.89,0
300538,756,16.15,56.33,2,41.61,0
300539,988,22.24,79.45,6,486.54,0
300540,883,1.1,6.49,3,276.57,0
300541,80,14.55,53.94,2,284.3,0
300542,694,9.61,39.82,1,264.86,0
300543,727,25.73,91.77,2,309.26,0
300544,604,21.75,82.83,3,139.51,0
300545,219,18.08,60.97,5,150.75,1
300546,154,9.04,37.92,2,260.56,0
300547,179,27.4,94.76,1,405.28,0
300548,343,2.31,7.23,0,34.43,0
300549,599,4.17,14.25,1,305.67,0
300550,371,12.36,42.59,0,405.32,0
300551,334,4.61,16.39,3,86.89,0
300552,721,28.74,98.84,4,17.36,0
300553,711,24.14,86.99,2,163.23,0
300554,867,8.51,28.13,1,298.19,0
300555,812,18.07,65.21,5,77.76,0
300556,83,29.49,107.79,0,218.8,0
300557,473,26.64,92.17,4,280.64,0
300558,642,18.42,66.86,2,303.45,0
300559,293,27.21,96.91,5,144.46,0
300560,82,29.69,110.66,2,206.01,0
300561,601,22.56,77.44,0,391.39,0
300562,649,2.88,12.48,5,471.2,0
300563,34,12.65,39.38,2,432.32,0
300564,132,25.3,87.05,1,286.5,0
300565,225,7.69,27.96,7,211.04,1
300566,803,25.09,91.99,1,173.15,0
300567,906,4.49,12.04,3,71.23,0
300568,913,2.36,10.62,4,62.21,0
300569,379,12.14,42.3,4,347.3,0
300570,76,2.07,2.66,0,137.3,0
300571,896,28.76,101.21,1,134.78,0
300572,852,24.96,92.49,3,499.12,0
300573,965,24.22,81.42,1,102.08,0
300574,849,19.26,67.09,0,82.55,0
300575,685,7.27,22.5,1,58.36,0
300576,298,16.03,54.7,6,294.1,0
300577,399,18.32,68.42,7,317.65,1
300578,665,16.23,55.98,1,188.96,0
300579,135,8.55,34.12,1,272.35,0
300580,699,15.94,59.12,2,396.32,0
300581,688,15.24,52.27,2,410.87,0
300582,686,29.89,103.12,2,479.38,0
300583,149,27.03,91.9,2,413.89,0
300584,860,14.44,47.74,0,286.77,0
300585,816,19.07,67.79,7,98.03,1
300586,633,22.69,79.35,2,58.88,0
300587,87,2.01,5.17,4,36.71,0
300588,980,26.95,89.69,1,336.6,0
300589,375,25.94,91.12,2,405.69,0
300590,770,14.27,48.52,2,259.26,0
300591,503,12.34,42.62,4,36.81,0
300592,146,8.92,32.12,5,272.38,0
300593,859,14.82,44.38,4,468.52,0
300594,820,2.29,3.4,7,302.83,1
300595,156,25.71,96.89,5,406.62,0
300596,422,2.03,5.58,6,402.07,0
300597,937,10.54,29.35,3,466.74,0
300598,670,28.02,93.71,3,387.41,0
300599,87,22.32,85.58,2,376.37,0
300600,663,9.16,29.95,4,124.71,0
300601,542,8.33,32.62,2,39.36,0
300602,780,1.15,4.38,3,263.62,1
300603,831,21.18,72.66,2,70.97,0
300604,125,2.41,10.78,1,481.48,0
300605,667,16.45,50.41,3,152.06,0
300606,147,28.9,96.83,1,427.94,0
300607,589,4.17,13.13,4,199.94,0
300608,630,26.94,90.26,2,168.37,0
300609,517,29.75,102.39,3,468.23,0
300610,266,2.78,12.31,2,188.03,0
300611,914,26.6,93.51,1,201.24,0
300612,926,15.97,59.87,3,61.98,0
300613,301,27.29,96.1,3,338.52,0
300614,218,17.57,64.47,2,151.53,0
300615,733,20.2,70.51,6,296.95,0
300616,476,16.77,56.92,1,299.76,0
300617,610,26.07,95.69,2,362.41,0
300618,819,22.28,75.86,0,375.17,0
300619,890,16.12,57.44,3,262.08,0
300620,276,26.18,93.93,2,172.19,0
300621,992,8.11,30.92,1,420.35,0
300622,105,5.56,15.97,1,161.83,0
300623,183,5.65,22.94,1,258.68,0
300624,685,10.69,34.47,4,206.61,0
300625,464,7.92,30.16,5,428.99,1
300626,115,27.97,99.51,1,221.64,0
300627,726,4.07,16.7,0,199.19,0
300628,314,21.27,70.83,2,348.01,0
300629,249,6.49,24.47,4,305.2,0
300630,98,26.57,96.24,3,62.55,0
300631,76,28.88,101.65,3,259.0,0
300632,123,14.5,48.29,2,370.38,0
300633,779,26.49,95.48,1,496.12,0
300634,987,1.15,4.36,2,318.28,0
300635,482,24.78,81.7,1,191.44,0
300636,233,7.63,24.02,2,120.81,0
300637,941,27.35,94.15,3,437.69,1
300638,247,1.03,8.13,1,409.14,0
300639,503,17.13,63.94,6,124.62,1
300640,461,22.94,84.28,2,108.31,0
300641,370,8.5,30.45,1,360.42,0
300642,580,6.6,25.84,2,164.33,0
300643,641,3.44,8.61,2,160.14,0
300644,318,10.47,36.65,3,84.62,0
300645,283,17.24,61.68,1,139.35,0
300646,763,4.36,12.03,2,219.48,0
300647,386,11.92,42.36,2,369.09,0
300648,52,1.26,9.48,2,174.79,0
300649,791,24.74,88.27,2,171.02,0
300650,551,4.73,19.29,2,149.61,0
300651,787,9.22,24.9,4,244.36,1
300652,866,1.53,10.04,0,98.51,0
300653,129,13.53,46.81,3,247.96,0
300654,831,25.36,86.47,4,355.05,0
300655,209,12.37,42.78,0,24.6,0
300656,252,6.21,17.26,1,14.79,0
300657,935,22.86,83.14,2,46.81,0
300658,791,23.88,82.56,1,272.47,0
300659,688,6.04,18.92,4,428.68,0
300660,471,23.35,81.24,2,12.39,0
300661,637,28.47,103.0,5,468.96,0
300662,798,5.82,20.78,3,62.08,0
300663,354,23.36,77.53,2,422.57,0
300664,545,21.55,76.82,3,246.6,0
300665,45,14.73,48.78,4,333.09,0
300666,821,2.68,2.91,5,260.23,0
300667,365,3.17,15.57,4,243.75,1
300668,788,25.72,91.39,1,419.1,0
300669,287,29.71,103.77,1,380.38,0
300670,526,20.61,71.08,1,246.87,0
300671,925,13.93,52.96,2,64.7,0
300672,189,19.78,78.49,1,66.55,0
300673,504,18.24,65.18,1,402.75,0
300674,881,12.12,39.35,6,269.4,1
300675,693,2.9,9.7,3,245.98,0
300676,937,24.82,88.18,3,343.48,0
300677,719,11.78,34.19,2,430.83,0
300678,704,24.74,87.61,4,318.15,0
300679,409,8.32,30.44,2,383.8,0
300680,574,1.03,7.58,1,384.98,0
300681,958,5.61,23.3,4,184.57,1
300682,986,14.59,51.39,2,144.3,0
300683,720,28.38,103.89,5,402.57,0
300684,456,3.96,19.98,0,194.82,0
300685,642,25.77,90.29,2,452.63,0
300686,297,16.28,58.25,3,44.15,0
300687,864,24.95,82.03,2,38.53,0
300688,606,9.65,29.43,3,464.23,0
300689,446,25.36,86.24,2,327.74,0
300690,197,23.41,80.61,3,196.0,0
300691,871,7.67,23.56,1,379.98,0
300692,72,4.81,16.72,2,339.44,0
300693,585,26.17,90.37,2,270.29,0
300694,314,28.93,104.48,2,58.45,0
300695,426,1.91,5.25,6,407.97,1
300696,41,22.21,70.86,2,434.35,0
300697,636,27.38,96.19,1,94.36,0
300698,331,25.86,90.48,2,426.75,0
300699,927,28.97,98.81,2,440.15,0
300700,282,23.04,80.93,4,279.22,0
300701,528,13.83,45.17,2,331.53,0
300702,783,10.05,36.15,2,197.3,0
300703,64,10.3,43.95,3,148.08,0
300704,756,22.01,71.61,4,363.77,0
300705,878,22.63,77.65,3,432.32,0
300706,119,6.81,21.81,4,330.5,0
300707,805,26.18,90.31,3,260.68,0
300708,634,21.73,79.12,0,87.87,0
300709,951,17.32,62.25,3,36.19,1
300710,999,14.67,53.91,0,228.39,0
300711,631,16.75,58.73,3,34.18,1
300712,447,5.62,15.7,3,288.97,0
300713,144,6.91,20.83,3,197.54,0
300714,646,3.64,14.99,0,381.02,0
300715,932,5.46,19.61,0,159.77,0
300716,225,14.16,53.33,2,300.56,0
300717,855,16.38,58.21,2,273.46,0
300718,530,1.52,1.76,2,12.31,1
300719,655,24.11,82.81,2,45.47,0
300720,522,9.53,35.05,3,152.28,0
300721,104,27.44,98.18,0,442.3,0
300722,442,29.06,104.27,0,82.04,0
300723,405,6.38,19.18,1,358.34,0
300724,449,14.4,46.8,3,486.95,0
300725,758,1.04,3.06,1,397.38,0
300726,306,18.35,68.55,4,129.04,1
300727,790,18.61,63.06,4,455.1,0
300728,705,8.18,29.99,1,55.62,0
300729,423,17.19,61.54,3,239.39,0
300730,898,7.54,28.67,6,444.9,0
300731,486,5.66,24.82,3,324.22,0
300732,949,19.89,74.31,0,212.69,0
300733,221,10.45,34.8,2,153.48,0
300734,768,18.12,57.12,2,193.8,0
300735,718,13.56,45.44,5,259.38,0
300736,128,29.55,103.64,3,166.33,0
300737,577,5.34,17.6,3,484.79,0
300738,125,14.47,56.56,4,467.21,0
300739,693,20.73,72.62,0,436.63,0
300740,692,12.47,45.61,1,216.7,0
300741,219,29.27,103.08,1,348.74,0
300742,765,21.93,75.73,1,452.39,0
300743,66,20.05,64.41,1,426.71,0
300744,809,22.95,80.11,2,213.02,0
300745,398,28.63,109.96,1,65.07,0
300746,724,27.33,91.91,1,47.06,0
300747,554,22.0,71.57,1,292.76,0
300748,308,22.73,85.35,3,324.89,1
300749,246,5.23,20.54,3,426.42,1
300750,896,3.98,14.5,1,153.33,0
300751,902,17.56,65.53,2,92.06,0
300752,827,1.53,2.87,0,195.71,0
300753,302,14.99,52.14,4,183.25,1
300754,910,7.1,27.72,3,74.91,1
300755,91,11.03,44.95,3,339.42,0
300756,625,23.5,78.74,5,259.26,0
300757,909,28.3,102.88,2,363.35,0
300758,758,3.1,12.0,1,182.82,0
300759,371,16.49,58.21,1,169.59,0
300760,426,26.59,93.05,3,241.56,0
300761,728,3.39,7.72,2,439.93,0
300762,48,24.91,90.08,5,29.74,0
300763,206,11.38,37.47,1,404.37,0
300764,641,10.34,32.95,3,190.8,0
300765,425,29.35,105.37,3,428.76,0
300766,474,6.82,26.25,3,403.08,0
300767,262,21.1,74.1,2,180.89,0
300768,944,24.82,90.11,0,350.0,0
300769,105,2.19,11.96,2,88.22,0
300770,294,20.44,75.47,1,449.18,0
300771,484,28.59,98.5,4,208.2,0
300772,825,4.6,19.15,1,233.26,0
300773,747,26.99,95.1,4,355.82,0
300774,764,18.25,69.05,2,412.21,0
300775,413,18.88,65.71,1,125.81,0
300776,593,18.78,64.64,1,334.06,0
300777,880,9.67,31.99,2,202.08,0
300778,535,28.12,98.99,4,190.66,0
300779,396,28.47,101.06,2,348.11,0
300780,173,19.13,68.43,5,199.72,0
300781,914,23.72,84.06,1,179.59,0
300782,98,18.76,67.66,3,419.59,0
300783,128,15.05,52.0,1,59.63,0
300784,425,20.16,67.96,3,341.19,0
300785,54,17.04,56.75,3,131.88,1
300786,977,18.33,67.07,3,17.59,0
300787,920,23.73,84.47,1,91.71,0
300788,498,14.95,46.74,2,307.26,0
300789,513,2.18,10.93,1,357.47,0
300790,594,5.76,25.79,2,20.32,0
300791,180,13.72,45.87,3,27.85,0
300792,173,22.02,78.08,3,452.25,0
300793,598,18.21,62.3,2,45.92,0
300794,68,19.86,71.39,3,448.15,0
300795,138,14.9,48.65,3,121.8,0
300796,722,18.86,65.78,4,372.61,0
300797,71,10.54,39.84,2,161.77,0
300798,215,14.64,54.93,4,430.79,0
300799,964,22.58,80.32,2,353.22,0
300800,427,26.28,90.97,4,206.89,0
300801,252,13.58,42.74,3,47.39,1
300802,663,2.27,5.66,4,369.02,1
300803,162,5.69,18.5,1,312.27,0
300804,192,1.6,3.52,2,11.43,0
300805,244,19.94,69.98,0,14.62,0
300806,762,10.64,36.2,1,406.31,0
300807,264,16.73,59.08,3,137.11,0
300808,872,15.31,57.18,3,321.71,0
300809,687,3.36,10.56,1,232.57,0
300810,780,12.69,40.28,6,433.08,0
300811,617,7.4,23.78,5,459.31,0
300812,38,13.13,47.72,4,498.44,0
300813,103,6.9,26.2,2,85.31,0
300814,983,25.37,90.02,0,432.85,0
300815,521,6.05,25.08,4,140.35,1
300816,942,28.86,100.46,4,299.5,0
300817,282,13.06,51.87,4,257.83,0
300818,259,25.54,91.85,2,18.81,0
300819,548,19.23,59.75,4,467.06,0
300820,203,22.33,83.54,5,48.38,0
300821,682,23.26,79.12,3,347.23,0
300822,197,15.64,51.64,1,394.65,0
300823,199,16.76,60.22,3,399.69,0
300824,422,15.91,50.46,5,76.39,0
300825,975,18.05,61.1,5,229.31,0
300826,824,1.85,11.15,2,416.42,0
300827,663,12.47,45.31,2,158.31,0
300828,223,18.58,67.46,3,239.2,0
300829,546,18.33,62.2,5,143.67,0
300830,58,24.0,79.37,0,237.14,0
300831,194,20.0,72.1,1,445.04,0
300832,451,29.77,106.99,4,233.01,0
300833,368,9.23,34.97,1,282.4,0
300834,677,11.42,40.58,1,207.95,0
300835,525,12.13,39.56,3,235.46,0
300836,394,14.51,58.09,4,17.44,1
300837,862,25.24,89.79,4,149.04,0
300838,371,7.84,26.91,0,223.93,0
300839,529,23.5,81.76,2,320.56,0
300840,686,12.75,45.09,4,230.53,1
300841,540,18.45,67.8,3,175.53,1
300842,356,19.34,68.27,2,200.17,0
300843,246,11.81,43.92,2,128.72,0
300844,330,15.87,55.98,3,463.0,0
300845,161,12.98,45.09,1,265.65,0
300846,833,3.0,12.44,4,16.57,1
300847,99,13.68,49.68,1,19.53,0
300848,281,3.82,12.88,1,486.75,0
300849,444,12.75,42.36,2,118.51,0
300850,816,18.19,64.71,0,404.75,0
300851,474,17.8,62.55,0,38.55,0
300852,905,20.22,69.09,1,461.37,0
300853,211,3.76,10.64,2,438.46,0
300854,196,19.91,70.92,2,289.84,0
300855,120,10.05,36.83,0,14.41,0
300856,743,12.57,42.92,2,136.33,0
300857,887,25.88,88.85,2,209.34,0
300858,560,1.26,1.93,3,235.43,0
300859,68,18.06,64.37,2,155.86,0
300860,155,18.36,61.86,1,26.14,0
300861,480,12.5,50.48,4,299.16,0
300862,202,7.87,26.33,3,266.84,0
300863,682,7.81,20.04,1,148.67,0
300864,783,26.63,93.11,3,28.61,0
300865,249,13.82,48.15,1,497.35,0
300866,667,10.6,40.42,5,246.17,1
300867,87,14.01,49.92,3,380.44,0
300868,689,20.41,68.94,1,231.63,0
300869,505,5.23,17.44,2,31.15,1
300870,485,14.03,50.1,1,161.7,0
300871,858,18.05,56.68,3,166.85,0
300872,924,28.51,103.8,2,420.79,0
300873,390,8.32,26.64,2,330.57,0
300874,964,11.42,44.22,1,144.96,0
300875,30,12.0,43.18,4,484.19,0
300876,416,18.56,66.85,0,167.56,0
300877,377,11.35,43.16,0,499.13,0
300878,219,16.47,59.37,2,498.12,0
300879,534,23.67,84.87,2,103.69,0
300880,220,21.46,74.6,1,163.24,0
300881,537,13.94,49.92,4,248.16,0
300882,398,26.06,89.46,1,335.41,0
300883,438,17.19,59.12,1,268.74,0
300884,853,16.66,64.19,3,485.03,0
300885,958,1.99,4.55,5,364.75,0
300886,963,29.61,104.11,1,113.9,0
300887,146,4.57,16.32,2,61.5,0
300888,163,7.7,26.03,1,347.32,1
300889,87,2.5,10.29,4,87.64,1
300890,585,19.56,70.23,2,395.96,0
300891,714,7.52,23.53,5,162.41,0
300892,701,6.22,22.08,2,170.18,0
300893,202,3.57,9.24,4,15.29,0
300894,858,4.0,16.35,2,353.5,0
300895,844,17.96,63.37,3,65.5,0
300896,178,20.96,73.6,1,388.71,0
300897,109,12.52,45.81,1,251.02,0
300898,915,14.92,51.38,4,394.3,0
300899,242,20.89,75.87,3,296.12,0
300900,232,1.5,2.42,3,50.39,1
300901,793,10.37,40.53,1,385.17,0
300902,258,29.22,100.62,6,44.2,1
300903,705,17.82,57.29,2,244.56,0
300904,256,8.37,28.32,1,94.45,1
300905,688,16.13,55.13,0,378.64,0
300906,561,10.94,37.27,4,456.68,0
300907,470,16.44,58.22,1,281.52,0
300908,431,4.65,19.56,4,268.3,0
300909,76,4.85,16.4,4,384.34,0
300910,262,5.16,15.99,1,12.49,1
300911,334,28.25,95.51,1,459.7,0
300912,555,22.25,76.48,1,106.75,0
300913,172,5.71,14.32,2,492.22,0
300914,444,6.46,20.44,4,370.76,0
300915,542,22.19,81.41,2,389.38,0
300916,402,5.53,16.88,1,331.54,0
300917,595,7.8,29.19,1,241.11,0
300918,915,28.94,97.6,6,290.1,1
300919,288,8.4,34.73,1,32.74,0
300920,685,20.19,76.17,2,315.74,0
300921,500,29.38,104.6,2,316.79,0
300922,982,11.85,47.46,1,446.69,0
300923,41,1.51,6.35,0,257.77,0
300924,359,8.08,30.59,3,47.8,0
300925,765,25.1,91.62,4,160.04,0
300926,813,26.07,91.8,3,331.26,0
300927,997,23.29,76.85,4,127.24,0
300928,387,4.28,17.35,3,147.46,0
300929,437,24.07,82.83,0,412.03,0
300930,697,27.64,95.55,6,296.32,0
300931,402,18.42,65.36,2,259.18,0
300932,37,28.29,100.7,4,166.04,0
300933,151,24.98,87.87,1,368.15,0
300934,377,20.34,73.1,3,150.98,0
300935,705,17.74,59.96,0,371.16,0
300936,119,11.11,38.75,1,44.35,0
300937,677,5.62,22.21,4,433.63,0
300938,727,18.54,70.22,3,254.79,0
300939,345,10.23,42.17,0,224.87,0
300940,207,26.13,92.74,3,309.4,0
300941,569,29.81,106.84,1,315.85,1
300942,761,22.82,85.82,0,74.7,0
300943,898,3.62,10.67,4,380.55,1
300944,70,9.37,34.69,2,145.2,0
300945,769,4.16,16.88,3,453.43,0
300946,733,19.86,73.87,2,410.75,0
300947,952,23.19,77.76,3,179.67,0
300948,531,27.84,94.64,2,405.79,0
300949,988,13.71,48.04,4,184.63,0
300950,174,27.14,96.12,2,59.46,0
300951,230,26.46,95.97,7,481.33,0
300952,958,10.2,37.25,3,329.77,0
300953,753,26.2,91.24,2,233.49,0
300954,490,11.89,42.88,3,204.91,1
300955,761,9.61,34.54,0,169.11,0
300956,781,19.82,74.62,2,490.91,0
300957,954,10.52,37.33,1,76.03,1
300958,938,19.28,66.32,3,164.25,0
300959,587,18.69,66.75,2,247.89,0
300960,576,17.34,61.28,5,244.22,0
300961,282,12.03,37.4,4,240.97,0
300962,419,16.91,59.13,1,96.13,0
300963,623,18.3,63.74,2,81.02,0
300964,912,16.82,57.26,1,134.84,0
300965,285,13.89,51.72,3,458.12,1
300966,738,1.43,2.63,2,65.4,1
300967,844,18.02,64.45,1,381.14,0
300968,950,5.88,20.15,2,381.2,0
300969,479,19.63,69.04,1,406.79,0
300970,39,23.02,81.81,4,444.44,0
300971,853,15.51,50.37,2,138.89,0
300972,827,16.73,59.12,2,120.03,0
300973,271,28.59,106.94,3,238.1,0
300974,280,25.57,84.82,5,139.89,0
300975,906,27.51,96.12,1,369.81,0
300976,34,24.6,89.47,0,321.61,1
300977,148,4.16,15.46,2,438.74,0
300978,830,5.32,20.69,3,50.54,1
300979,403,16.27,49.83,4,458.39,0
300980,94,8.14,30.27,2,153.74,0
300981,175,14.82,49.6,2,250.44,0
300982,253,12.44,44.46,2,224.92,0
300983,268,16.93,59.18,3,382.55,0
300984,206,22.66,86.14,1,215.96,0
300985,808,21.75,77.76,1,472.34,0
300986,882,16.12,56.07,4,452.24,0
300987,311,24.85,82.44,1,437.36,0
300988,92,13.5,47.6,2,44.92,0
300989,246,27.0,96.99,1,428.59,0
300990,883,3.07,10.49,1,393.0,0
300991,856,28.69,98.88,1,60.72,0
300992,824,19.99,68.23,1,62.63,0
300993,718,12.02,43.68,3,59.57,0
300994,490,6.72,25.79,2,15.55,0
300995,958,14.9,56.22,5,278.83,0
300996,639,6.64,20.26,5,486.96,0
300997,134,5.82,21.96,2,224.96,0
300998,128,18.9,65.8,2,274.97,0
300999,540,16.17,56.32,4,484.31,0
301000,414,20.43,72.72,0,135.04,0
