customer_id,customer_type,product,revenue,churn,support_tickets
CUST_00001,SMB,Cloud Pro,824.4,0,5
CUST_00002,Startup,Analytics Suite,417.31,0,0
CUST_00003,Startup,Enterprise Core,510.16,0,2
CUST_00004,Startup,Analytics Suite,386.9,0,3
CUST_00005,SMB,Enterprise Core,687.49,0,5
CUST_00006,SMB,Analytics Suite,894.19,0,3
CUST_00007,SMB,Analytics Suite,853.08,0,5
CUST_00008,Startup,Enterprise Core,418.97,0,1
CUST_00009,Startup,Cloud Pro,392.79,0,6
CUST_00010,Startup,Analytics Suite,207.86,1,3
CUST_00011,Enterprise,Cloud Pro,12743.03,0,0
CUST_00012,Startup,Enterprise Core,560.25,0,5
CUST_00013,Startup,Enterprise Core,470.82,0,1
CUST_00014,SMB,Cloud Pro,687.36,1,5
CUST_00015,SMB,Analytics Suite,914.73,0,6
CUST_00016,SMB,Enterprise Core,1229.69,0,6
CUST_00017,SMB,Cloud Pro,933.04,0,5
CUST_00018,Startup,Analytics Suite,459.64,0,7
CUST_00019,SMB,Enterprise Core,962.57,0,1
CUST_00020,SMB,Cloud Pro,1197.15,0,4
CUST_00021,Startup,Analytics Suite,527.1,0,4
CUST_00022,SMB,Cloud Pro,1060.84,0,6
CUST_00023,SMB,Enterprise Core,886.94,0,9
CUST_00024,SMB,Enterprise Core,917.86,0,3
CUST_00025,Startup,Enterprise Core,459.79,0,4
CUST_00026,Startup,Analytics Suite,552.43,0,0
CUST_00027,SMB,Enterprise Core,1205.74,0,8
CUST_00028,Startup,Enterprise Core,368.33,0,5
CUST_00029,Startup,Cloud Pro,446.47,0,4
CUST_00030,Enterprise,Enterprise Core,13818.93,0,1
CUST_00031,Startup,Cloud Pro,588.87,0,3
CUST_00032,SMB,Analytics Suite,894.65,1,1
CUST_00033,SMB,Cloud Pro,622.96,0,3
CUST_00034,Startup,Cloud Pro,470.37,0,4
CUST_00035,Startup,Cloud Pro,489.56,0,0
CUST_00036,Startup,Analytics Suite,483.12,0,3
CUST_00037,SMB,Cloud Pro,1069.51,1,7
CUST_00038,SMB,Analytics Suite,1232.7,0,9
CUST_00039,Startup,Cloud Pro,403.45,0,6
CUST_00040,SMB,Cloud Pro,1006.03,1,3
CUST_00041,SMB,Analytics Suite,914.14,0,4
CUST_00042,Startup,Enterprise Core,430.76,0,1
CUST_00043,Enterprise,Cloud Pro,16168.96,0,1
CUST_00044,Startup,Analytics Suite,442.25,0,1
CUST_00045,SMB,Enterprise Core,822.76,0,6
CUST_00046,Startup,Analytics Suite,526.87,0,5
CUST_00047,SMB,Cloud Pro,903.39,0,3
CUST_00048,Startup,Cloud Pro,514.68,0,2
CUST_00049,Startup,Enterprise Core,652.14,1,1
CUST_00050,SMB,Cloud Pro,901.81,0,4
CUST_00051,Startup,Enterprise Core,570.82,0,4
CUST_00052,Startup,Analytics Suite,523.32,0,1
CUST_00053,Startup,Enterprise Core,330.29,0,1
CUST_00054,Startup,Enterprise Core,435.44,0,5
CUST_00055,Startup,Enterprise Core,684.02,0,5
CUST_00056,Startup,Analytics Suite,425.45,0,3
CUST_00057,SMB,Enterprise Core,1317.13,0,3
CUST_00058,SMB,Analytics Suite,1155.91,0,2
CUST_00059,Enterprise,Analytics Suite,16620.62,0,0
CUST_00060,SMB,Analytics Suite,1279.14,0,4
CUST_00061,SMB,Enterprise Core,994.72,0,2
CUST_00062,SMB,Enterprise Core,1056.03,0,3
CUST_00063,Startup,Enterprise Core,390.19,1,4
CUST_00064,SMB,Analytics Suite,927.64,0,8
CUST_00065,SMB,Analytics Suite,1105.79,0,6
CUST_00066,Startup,Analytics Suite,296.1,0,0
CUST_00067,SMB,Cloud Pro,747.71,0,4
CUST_00068,Startup,Cloud Pro,413.5,0,6
CUST_00069,SMB,Analytics Suite,910.42,1,8
CUST_00070,Startup,Cloud Pro,372.42,0,2
CUST_00071,Startup,Cloud Pro,487.54,0,4
CUST_00072,SMB,Cloud Pro,765.48,0,9
CUST_00073,Enterprise,Cloud Pro,15111.21,0,0
CUST_00074,Startup,Cloud Pro,508.96,0,3
CUST_00075,Startup,Enterprise Core,486.47,0,2
CUST_00076,Startup,Analytics Suite,600.36,0,3
CUST_00077,Startup,Analytics Suite,402.83,0,1
CUST_00078,SMB,Analytics Suite,724.08,0,0
CUST_00079,SMB,Cloud Pro,892.88,1,9
CUST_00080,SMB,Enterprise Core,1171.32,1,3
CUST_00081,Startup,Enterprise Core,480.9,0,2
CUST_00082,Startup,Cloud Pro,445.16,0,2
CUST_00083,SMB,Analytics Suite,1291.0,0,1
CUST_00084,SMB,Enterprise Core,1000.62,0,5
CUST_00085,SMB,Enterprise Core,944.32,0,6
CUST_00086,SMB,Analytics Suite,1126.67,0,4
CUST_00087,Startup,Analytics Suite,389.46,0,4
CUST_00088,Startup,Cloud Pro,578.22,0,2
CUST_00089,Startup,Enterprise Core,533.52,1,2
CUST_00090,Startup,Cloud Pro,405.25,0,0
CUST_00091,SMB,Enterprise Core,1191.02,1,1
CUST_00092,Startup,Analytics Suite,396.71,0,2
CUST_00093,Startup,Analytics Suite,365.41,0,5
CUST_00094,Startup,Analytics Suite,418.07,0,2
CUST_00095,Startup,Cloud Pro,656.88,0,0
CUST_00096,Startup,Cloud Pro,367.19,0,7
CUST_00097,Startup,Cloud Pro,561.58,1,4
CUST_00098,SMB,Cloud Pro,1240.78,0,2
CUST_00099,Enterprise,Enterprise Core,13093.5,0,1
CUST_00100,SMB,Analytics Suite,1290.49,0,5
CUST_00101,Enterprise,Cloud Pro,14752.82,0,1
CUST_00102,Startup,Enterprise Core,409.79,0,3
CUST_00103,SMB,Enterprise Core,891.18,1,3
CUST_00104,Startup,Enterprise Core,483.72,0,1
CUST_00105,Startup,Enterprise Core,477.14,0,3
CUST_00106,SMB,Cloud Pro,801.13,0,8
CUST_00107,SMB,Analytics Suite,952.46,0,1
CUST_00108,Startup,Enterprise Core,519.22,0,3
CUST_00109,SMB,Analytics Suite,1197.73,0,4
CUST_00110,SMB,Cloud Pro,729.71,0,2
CUST_00111,SMB,Enterprise Core,851.37,0,7
CUST_00112,SMB,Cloud Pro,840.6,0,2
CUST_00113,Startup,Cloud Pro,462.48,0,3
CUST_00114,Startup,Analytics Suite,468.23,0,3
CUST_00115,Startup,Analytics Suite,476.6,0,2
CUST_00116,Startup,Analytics Suite,546.64,0,0
CUST_00117,Startup,Cloud Pro,416.49,0,4
CUST_00118,SMB,Enterprise Core,1417.91,1,5
CUST_00119,Startup,Cloud Pro,479.93,0,0
CUST_00120,Startup,Cloud Pro,376.79,0,5
CUST_00121,Startup,Enterprise Core,340.19,0,1
CUST_00122,Startup,Enterprise Core,546.22,0,8
CUST_00123,SMB,Enterprise Core,983.02,0,4
CUST_00124,SMB,Enterprise Core,751.34,0,1
CUST_00125,SMB,Analytics Suite,749.92,0,4
CUST_00126,SMB,Analytics Suite,1120.9,0,3
CUST_00127,Startup,Cloud Pro,365.59,0,5
CUST_00128,Startup,Analytics Suite,339.67,0,2
CUST_00129,Enterprise,Analytics Suite,14028.55,0,0
CUST_00130,Startup,Cloud Pro,404.61,1,2
CUST_00131,SMB,Analytics Suite,1021.18,0,8
CUST_00132,SMB,Analytics Suite,1116.88,0,4
CUST_00133,SMB,Cloud Pro,1177.38,0,1
CUST_00134,SMB,Cloud Pro,915.85,0,8
CUST_00135,Startup,Analytics Suite,510.95,0,1
CUST_00136,SMB,Cloud Pro,1210.51,0,1
CUST_00137,Startup,Enterprise Core,569.02,1,3
CUST_00138,Startup,Analytics Suite,244.16,0,0
CUST_00139,SMB,Analytics Suite,1135.87,0,6
CUST_00140,Startup,Analytics Suite,385.12,0,7
CUST_00141,Startup,Enterprise Core,680.22,0,3
CUST_00142,SMB,Cloud Pro,1076.62,0,4
CUST_00143,Startup,Analytics Suite,699.57,0,9
CUST_00144,SMB,Analytics Suite,1621.98,0,6
CUST_00145,SMB,Cloud Pro,1126.72,0,5
CUST_00146,Enterprise,Enterprise Core,14175.94,0,0
CUST_00147,Startup,Enterprise Core,348.21,0,3
CUST_00148,Startup,Analytics Suite,464.3,0,4
CUST_00149,SMB,Enterprise Core,800.72,0,4
CUST_00150,SMB,Enterprise Core,944.03,0,5
CUST_00151,Startup,Analytics Suite,463.07,0,2
CUST_00152,SMB,Enterprise Core,1028.68,0,3
CUST_00153,SMB,Analytics Suite,859.27,0,3
CUST_00154,Startup,Analytics Suite,593.2,0,3
CUST_00155,Startup,Analytics Suite,652.03,0,2
CUST_00156,SMB,Enterprise Core,901.04,0,2
CUST_00157,Startup,Cloud Pro,651.36,0,2
CUST_00158,Startup,Enterprise Core,438.66,0,2
CUST_00159,SMB,Enterprise Core,1189.69,0,2
CUST_00160,Startup,Cloud Pro,371.4,0,1
CUST_00161,SMB,Enterprise Core,1334.69,0,1
CUST_00162,Startup,Cloud Pro,634.05,0,4
CUST_00163,Startup,Cloud Pro,565.56,0,2
CUST_00164,Startup,Analytics Suite,346.35,0,4
CUST_00165,SMB,Cloud Pro,827.09,1,6
CUST_00166,Startup,Enterprise Core,669.54,0,2
CUST_00167,SMB,Enterprise Core,827.12,0,5
CUST_00168,SMB,Analytics Suite,971.81,0,4
CUST_00169,Enterprise,Cloud Pro,14588.45,0,0
CUST_00170,Startup,Cloud Pro,476.56,0,1
CUST_00171,Startup,Analytics Suite,670.5,0,1
CUST_00172,Enterprise,Enterprise Core,13398.39,0,4
CUST_00173,Startup,Analytics Suite,548.22,0,2
CUST_00174,SMB,Cloud Pro,752.47,0,8
CUST_00175,Startup,Analytics Suite,366.14,0,4
CUST_00176,SMB,Analytics Suite,1138.58,0,2
CUST_00177,Startup,Enterprise Core,502.54,1,2
CUST_00178,SMB,Cloud Pro,616.07,0,4
CUST_00179,Startup,Enterprise Core,579.04,0,2
CUST_00180,SMB,Analytics Suite,1068.01,0,4
CUST_00181,SMB,Enterprise Core,1096.37,0,7
CUST_00182,SMB,Cloud Pro,1109.45,0,8
CUST_00183,Startup,Analytics Suite,389.7,0,2
CUST_00184,Startup,Enterprise Core,535.9,0,1
CUST_00185,SMB,Cloud Pro,1195.16,0,2
CUST_00186,Startup,Enterprise Core,591.85,0,3
CUST_00187,Startup,Analytics Suite,510.57,0,1
CUST_00188,Startup,Cloud Pro,347.28,0,1
CUST_00189,Startup,Cloud Pro,511.26,0,4
CUST_00190,SMB,Analytics Suite,1089.01,0,5
CUST_00191,SMB,Cloud Pro,814.92,0,3
CUST_00192,Startup,Analytics Suite,525.54,0,2
CUST_00193,Startup,Cloud Pro,495.43,0,3
CUST_00194,Startup,Analytics Suite,423.5,0,5
CUST_00195,SMB,Cloud Pro,952.22,0,4
CUST_00196,SMB,Enterprise Core,1286.03,0,3
CUST_00197,Startup,Enterprise Core,584.84,0,1
CUST_00198,Startup,Enterprise Core,275.31,1,5
CUST_00199,Startup,Analytics Suite,436.46,0,1
CUST_00200,Startup,Cloud Pro,381.03,0,3
CUST_00201,Startup,Enterprise Core,565.15,0,0
CUST_00202,SMB,Cloud Pro,772.46,0,5
CUST_00203,SMB,Cloud Pro,1150.23,0,4
CUST_00204,Startup,Cloud Pro,562.41,0,8
CUST_00205,Startup,Analytics Suite,490.76,0,1
CUST_00206,Enterprise,Enterprise Core,11565.76,0,0
CUST_00207,SMB,Analytics Suite,925.9,0,2
CUST_00208,Startup,Analytics Suite,359.44,0,4
CUST_00209,Enterprise,Cloud Pro,11816.13,0,1
CUST_00210,SMB,Enterprise Core,1178.05,0,4
CUST_00211,Startup,Analytics Suite,604.45,0,2
CUST_00212,Startup,Analytics Suite,553.72,0,2
CUST_00213,Startup,Cloud Pro,466.74,0,0
CUST_00214,SMB,Enterprise Core,1098.31,0,9
CUST_00215,Startup,Analytics Suite,575.68,0,2
CUST_00216,SMB,Cloud Pro,1122.49,0,1
CUST_00217,SMB,Cloud Pro,1242.96,0,3
CUST_00218,Startup,Analytics Suite,440.24,0,2
CUST_00219,Startup,Analytics Suite,538.68,0,7
CUST_00220,Startup,Cloud Pro,609.1,0,4
CUST_00221,Startup,Enterprise Core,352.92,0,5
CUST_00222,Startup,Cloud Pro,514.12,0,4
CUST_00223,SMB,Analytics Suite,1392.52,0,4
CUST_00224,SMB,Enterprise Core,1000.74,0,5
CUST_00225,SMB,Analytics Suite,1104.62,0,6
CUST_00226,SMB,Analytics Suite,1266.17,0,5
CUST_00227,Startup,Analytics Suite,492.61,0,5
CUST_00228,SMB,Cloud Pro,909.67,0,5
CUST_00229,Startup,Enterprise Core,525.32,0,2
CUST_00230,Startup,Analytics Suite,582.03,0,2
CUST_00231,Startup,Enterprise Core,479.41,1,1
CUST_00232,Startup,Cloud Pro,425.34,0,1
CUST_00233,Startup,Cloud Pro,474.38,0,5
CUST_00234,Startup,Cloud Pro,475.85,0,1
CUST_00235,SMB,Analytics Suite,846.0,0,2
CUST_00236,Startup,Analytics Suite,370.39,0,2
CUST_00237,SMB,Enterprise Core,993.71,0,5
CUST_00238,Enterprise,Analytics Suite,12303.14,0,0
CUST_00239,Startup,Enterprise Core,415.34,0,2
CUST_00240,SMB,Cloud Pro,995.07,0,10
CUST_00241,Startup,Enterprise Core,381.56,0,4
CUST_00242,Startup,Enterprise Core,450.06,0,2
CUST_00243,Startup,Enterprise Core,450.84,0,3
CUST_00244,SMB,Enterprise Core,1068.99,0,5
CUST_00245,Enterprise,Enterprise Core,11416.95,0,0
CUST_00246,Startup,Analytics Suite,529.09,0,5
CUST_00247,SMB,Cloud Pro,1243.59,0,4
CUST_00248,Startup,Cloud Pro,448.68,0,1
CUST_00249,Startup,Enterprise Core,463.94,0,0
CUST_00250,Startup,Analytics Suite,553.89,0,3
CUST_00251,SMB,Enterprise Core,582.59,1,3
CUST_00252,SMB,Analytics Suite,883.08,0,5
CUST_00253,Startup,Cloud Pro,225.25,0,4
CUST_00254,SMB,Cloud Pro,900.05,1,5
CUST_00255,SMB,Analytics Suite,869.83,1,4
CUST_00256,Startup,Analytics Suite,500.18,0,1
CUST_00257,Startup,Cloud Pro,443.02,0,1
CUST_00258,Startup,Analytics Suite,532.95,0,3
CUST_00259,Startup,Cloud Pro,426.9,0,3
CUST_00260,SMB,Analytics Suite,1151.58,1,5
CUST_00261,Startup,Cloud Pro,509.18,0,3
CUST_00262,Startup,Enterprise Core,525.22,0,4
CUST_00263,SMB,Cloud Pro,1198.25,0,3
CUST_00264,Startup,Analytics Suite,603.84,0,4
CUST_00265,Startup,Cloud Pro,564.05,1,1
CUST_00266,Startup,Cloud Pro,480.95,0,3
CUST_00267,Startup,Analytics Suite,481.31,0,6
CUST_00268,Startup,Analytics Suite,336.95,1,2
CUST_00269,SMB,Analytics Suite,1186.44,0,4
CUST_00270,SMB,Cloud Pro,952.69,0,4
CUST_00271,Startup,Analytics Suite,317.94,0,3
CUST_00272,Startup,Enterprise Core,527.01,0,7
CUST_00273,Startup,Enterprise Core,573.25,0,1
CUST_00274,Startup,Cloud Pro,528.87,0,2
CUST_00275,Startup,Analytics Suite,397.19,0,1
CUST_00276,Startup,Cloud Pro,490.29,0,1
CUST_00277,Startup,Cloud Pro,542.33,0,2
CUST_00278,Startup,Enterprise Core,708.08,0,5
CUST_00279,Startup,Cloud Pro,458.64,0,3
CUST_00280,Startup,Analytics Suite,688.77,0,3
CUST_00281,Startup,Analytics Suite,441.64,0,1
CUST_00282,SMB,Analytics Suite,1207.68,0,6
CUST_00283,SMB,Analytics Suite,1082.15,1,3
CUST_00284,SMB,Cloud Pro,962.64,0,6
CUST_00285,Startup,Cloud Pro,403.73,0,2
CUST_00286,Enterprise,Analytics Suite,13586.78,0,1
CUST_00287,Startup,Cloud Pro,540.33,0,2
CUST_00288,Startup,Analytics Suite,542.76,0,3
CUST_00289,SMB,Cloud Pro,759.57,0,3
CUST_00290,Startup,Cloud Pro,460.43,0,3
CUST_00291,Enterprise,Analytics Suite,14450.53,0,2
CUST_00292,Enterprise,Cloud Pro,15385.45,0,2
CUST_00293,Startup,Analytics Suite,523.4,0,4
CUST_00294,SMB,Analytics Suite,950.29,0,5
CUST_00295,SMB,Enterprise Core,1301.53,0,7
CUST_00296,Startup,Cloud Pro,430.78,0,2
CUST_00297,Startup,Cloud Pro,370.69,0,2
CUST_00298,SMB,Cloud Pro,1114.48,0,4
CUST_00299,Startup,Analytics Suite,604.87,0,1
CUST_00300,SMB,Analytics Suite,1331.08,0,5
CUST_00301,SMB,Cloud Pro,618.13,1,1
CUST_00302,Startup,Enterprise Core,631.83,0,1
CUST_00303,Startup,Cloud Pro,326.88,0,3
CUST_00304,Startup,Analytics Suite,649.49,0,2
CUST_00305,Startup,Analytics Suite,621.02,0,1
CUST_00306,Startup,Enterprise Core,473.1,0,2
CUST_00307,Startup,Analytics Suite,584.2,0,2
CUST_00308,SMB,Enterprise Core,926.16,0,4
CUST_00309,Startup,Cloud Pro,632.86,0,1
CUST_00310,SMB,Enterprise Core,1062.64,0,3
CUST_00311,SMB,Cloud Pro,980.68,0,5
CUST_00312,SMB,Enterprise Core,916.81,0,7
CUST_00313,Enterprise,Analytics Suite,12439.6,0,0
CUST_00314,Startup,Enterprise Core,633.06,0,6
CUST_00315,Startup,Analytics Suite,459.03,0,3
CUST_00316,Startup,Analytics Suite,571.23,0,5
CUST_00317,SMB,Analytics Suite,809.54,0,3
CUST_00318,SMB,Analytics Suite,864.6,0,8
CUST_00319,SMB,Cloud Pro,1183.59,0,5
CUST_00320,SMB,Cloud Pro,846.83,0,4
CUST_00321,Startup,Cloud Pro,577.93,0,1
CUST_00322,Startup,Cloud Pro,496.1,0,1
CUST_00323,Startup,Enterprise Core,392.91,0,1
CUST_00324,SMB,Cloud Pro,1382.28,0,5
CUST_00325,Startup,Enterprise Core,333.14,0,1
CUST_00326,Startup,Cloud Pro,605.87,0,5
CUST_00327,Startup,Cloud Pro,536.76,0,0
CUST_00328,Startup,Enterprise Core,514.81,0,3
CUST_00329,SMB,Analytics Suite,1233.01,0,2
CUST_00330,SMB,Analytics Suite,750.88,0,6
CUST_00331,SMB,Analytics Suite,740.5,1,5
CUST_00332,Startup,Analytics Suite,424.21,0,3
CUST_00333,Enterprise,Cloud Pro,13434.23,0,0
CUST_00334,SMB,Enterprise Core,876.19,0,7
CUST_00335,Enterprise,Enterprise Core,17352.79,0,1
CUST_00336,Enterprise,Analytics Suite,12108.99,0,0
CUST_00337,Startup,Cloud Pro,673.2,0,5
CUST_00338,Startup,Analytics Suite,570.29,1,4
CUST_00339,Startup,Cloud Pro,494.61,0,1
CUST_00340,SMB,Cloud Pro,803.54,1,3
CUST_00341,Startup,Cloud Pro,610.39,1,3
CUST_00342,Startup,Analytics Suite,547.52,0,6
CUST_00343,SMB,Enterprise Core,1119.75,0,2
CUST_00344,SMB,Analytics Suite,815.95,0,3
CUST_00345,SMB,Analytics Suite,807.06,0,4
CUST_00346,Startup,Analytics Suite,662.85,0,2
CUST_00347,Startup,Cloud Pro,507.86,0,4
CUST_00348,Enterprise,Analytics Suite,9742.53,0,2
CUST_00349,SMB,Enterprise Core,858.2,0,5
CUST_00350,Startup,Cloud Pro,695.33,0,3
CUST_00351,Startup,Enterprise Core,472.02,0,2
CUST_00352,Startup,Analytics Suite,403.55,0,5
CUST_00353,Startup,Analytics Suite,512.39,0,2
CUST_00354,SMB,Analytics Suite,841.66,0,5
CUST_00355,SMB,Analytics Suite,1454.29,0,6
CUST_00356,Startup,Enterprise Core,459.56,0,0
CUST_00357,Enterprise,Enterprise Core,14871.95,0,3
CUST_00358,Startup,Analytics Suite,246.78,0,0
CUST_00359,Startup,Cloud Pro,441.01,0,3
CUST_00360,Startup,Analytics Suite,584.43,0,3
CUST_00361,SMB,Enterprise Core,1065.17,0,10
CUST_00362,Startup,Cloud Pro,620.83,0,2
CUST_00363,Startup,Analytics Suite,640.04,0,2
CUST_00364,Startup,Analytics Suite,555.42,0,1
CUST_00365,Startup,Analytics Suite,452.24,1,3
CUST_00366,SMB,Cloud Pro,748.97,0,2
CUST_00367,Startup,Analytics Suite,512.65,0,3
CUST_00368,Startup,Enterprise Core,426.54,0,0
CUST_00369,SMB,Cloud Pro,1035.06,0,3
CUST_00370,SMB,Cloud Pro,732.65,1,2
CUST_00371,SMB,Enterprise Core,672.48,0,6
CUST_00372,Enterprise,Cloud Pro,14239.2,1,2
CUST_00373,SMB,Enterprise Core,471.82,1,2
CUST_00374,Startup,Analytics Suite,467.66,0,3
CUST_00375,SMB,Cloud Pro,934.6,0,5
CUST_00376,SMB,Enterprise Core,957.31,0,6
CUST_00377,Startup,Analytics Suite,347.27,0,2
CUST_00378,Enterprise,Analytics Suite,10595.73,0,1
CUST_00379,Startup,Analytics Suite,543.48,0,0
CUST_00380,SMB,Analytics Suite,1095.09,0,4
CUST_00381,SMB,Cloud Pro,806.87,0,6
CUST_00382,Startup,Analytics Suite,662.92,0,3
CUST_00383,Startup,Enterprise Core,381.97,0,3
CUST_00384,Startup,Cloud Pro,526.35,1,3
CUST_00385,Startup,Analytics Suite,561.48,0,3
CUST_00386,Startup,Cloud Pro,677.87,0,3
CUST_00387,SMB,Enterprise Core,999.65,0,2
CUST_00388,SMB,Cloud Pro,954.42,0,2
CUST_00389,Startup,Enterprise Core,585.26,0,3
CUST_00390,Startup,Analytics Suite,712.06,0,7
CUST_00391,Startup,Cloud Pro,442.78,0,2
CUST_00392,SMB,Cloud Pro,842.0,0,3
CUST_00393,SMB,Cloud Pro,1014.25,0,3
CUST_00394,Startup,Analytics Suite,370.65,0,3
CUST_00395,SMB,Cloud Pro,1460.73,0,6
CUST_00396,Startup,Enterprise Core,352.06,0,2
CUST_00397,Startup,Analytics Suite,704.98,0,4
CUST_00398,SMB,Cloud Pro,1000.14,0,8
CUST_00399,Startup,Analytics Suite,619.48,0,2
CUST_00400,Startup,Analytics Suite,589.46,0,3
CUST_00401,SMB,Cloud Pro,833.34,0,8
CUST_00402,Startup,Cloud Pro,436.17,1,1
CUST_00403,Startup,Cloud Pro,418.9,0,5
CUST_00404,Startup,Analytics Suite,388.6,0,5
CUST_00405,SMB,Analytics Suite,927.99,0,8
CUST_00406,Startup,Analytics Suite,427.19,0,3
CUST_00407,SMB,Enterprise Core,1110.67,0,4
CUST_00408,Enterprise,Enterprise Core,13265.18,0,2
CUST_00409,Startup,Analytics Suite,509.11,0,4
CUST_00410,SMB,Enterprise Core,1361.31,0,6
CUST_00411,SMB,Cloud Pro,1014.54,0,5
CUST_00412,Startup,Cloud Pro,518.73,0,0
CUST_00413,Startup,Cloud Pro,542.41,0,3
CUST_00414,Startup,Cloud Pro,503.94,0,2
CUST_00415,Startup,Analytics Suite,521.48,0,3
CUST_00416,SMB,Enterprise Core,887.64,0,6
CUST_00417,SMB,Cloud Pro,1158.64,0,2
CUST_00418,SMB,Cloud Pro,975.59,0,0
CUST_00419,Startup,Analytics Suite,428.53,0,1
CUST_00420,Startup,Enterprise Core,552.13,0,1
CUST_00421,Startup,Cloud Pro,282.29,0,2
CUST_00422,Startup,Analytics Suite,517.85,1,2
CUST_00423,SMB,Cloud Pro,1250.57,0,5
CUST_00424,Startup,Cloud Pro,455.18,0,5
CUST_00425,SMB,Enterprise Core,1045.15,0,3
CUST_00426,Startup,Enterprise Core,501.76,0,3
CUST_00427,SMB,Cloud Pro,843.6,1,4
CUST_00428,Startup,Enterprise Core,424.03,0,3
CUST_00429,SMB,Analytics Suite,788.73,0,3
CUST_00430,SMB,Enterprise Core,788.3,0,3
CUST_00431,SMB,Analytics Suite,839.06,0,4
CUST_00432,Startup,Analytics Suite,508.51,0,6
CUST_00433,Startup,Analytics Suite,414.78,0,2
CUST_00434,SMB,Analytics Suite,707.45,0,5
CUST_00435,SMB,Cloud Pro,828.7,0,2
CUST_00436,Startup,Cloud Pro,509.77,0,2
CUST_00437,SMB,Cloud Pro,920.46,0,4
CUST_00438,Startup,Analytics Suite,381.6,0,2
CUST_00439,Startup,Cloud Pro,618.19,1,3
CUST_00440,SMB,Analytics Suite,1096.18,0,4
CUST_00441,SMB,Enterprise Core,843.74,0,6
CUST_00442,Startup,Cloud Pro,397.5,0,2
CUST_00443,SMB,Analytics Suite,778.01,1,3
CUST_00444,SMB,Analytics Suite,1229.41,0,3
CUST_00445,Startup,Enterprise Core,393.87,0,3
CUST_00446,Startup,Cloud Pro,495.45,0,4
CUST_00447,Startup,Analytics Suite,390.26,0,5
CUST_00448,Startup,Enterprise Core,352.31,0,4
CUST_00449,SMB,Enterprise Core,1059.48,0,7
CUST_00450,SMB,Analytics Suite,979.66,0,8
CUST_00451,Startup,Analytics Suite,666.91,0,3
CUST_00452,Startup,Analytics Suite,405.74,0,2
CUST_00453,SMB,Enterprise Core,976.7,0,9
CUST_00454,Startup,Analytics Suite,666.48,0,1
CUST_00455,SMB,Cloud Pro,1150.54,0,8
CUST_00456,Startup,Enterprise Core,381.25,0,2
CUST_00457,Enterprise,Analytics Suite,16016.01,0,1
CUST_00458,Startup,Analytics Suite,445.04,0,2
CUST_00459,SMB,Cloud Pro,1107.53,0,5
CUST_00460,SMB,Analytics Suite,1085.64,0,2
CUST_00461,SMB,Analytics Suite,1082.11,0,5
CUST_00462,Startup,Analytics Suite,588.03,0,1
CUST_00463,Startup,Cloud Pro,748.5,0,2
CUST_00464,Startup,Analytics Suite,625.26,0,4
CUST_00465,Startup,Enterprise Core,611.62,0,3
CUST_00466,SMB,Cloud Pro,1301.61,0,3
CUST_00467,SMB,Enterprise Core,847.94,0,7
CUST_00468,Startup,Analytics Suite,693.25,0,2
CUST_00469,SMB,Enterprise Core,1328.68,0,4
CUST_00470,Startup,Enterprise Core,536.06,0,1
CUST_00471,Enterprise,Analytics Suite,12569.87,0,1
CUST_00472,Startup,Analytics Suite,439.01,0,1
CUST_00473,Enterprise,Enterprise Core,16355.09,0,1
CUST_00474,Startup,Analytics Suite,478.74,0,3
CUST_00475,Startup,Cloud Pro,472.37,0,7
CUST_00476,Startup,Analytics Suite,418.4,0,3
CUST_00477,SMB,Enterprise Core,1174.73,0,6
CUST_00478,Startup,Enterprise Core,496.96,1,3
CUST_00479,Startup,Enterprise Core,546.03,0,2
CUST_00480,Startup,Analytics Suite,519.48,0,4
CUST_00481,Startup,Enterprise Core,400.83,0,3
CUST_00482,Startup,Cloud Pro,436.71,0,3
CUST_00483,Startup,Analytics Suite,463.69,0,2
CUST_00484,Startup,Cloud Pro,299.25,0,3
CUST_00485,Startup,Cloud Pro,494.12,0,2
CUST_00486,Startup,Analytics Suite,449.5,0,2
CUST_00487,Enterprise,Analytics Suite,14334.07,0,1
CUST_00488,SMB,Analytics Suite,1083.48,0,6
CUST_00489,Startup,Analytics Suite,349.98,0,6
CUST_00490,Startup,Analytics Suite,422.12,0,2
CUST_00491,Startup,Cloud Pro,614.6,0,3
CUST_00492,Startup,Analytics Suite,422.26,1,2
CUST_00493,SMB,Cloud Pro,768.34,1,6
CUST_00494,SMB,Cloud Pro,663.68,0,1
CUST_00495,Startup,Analytics Suite,607.04,1,5
CUST_00496,SMB,Analytics Suite,1254.38,0,7
CUST_00497,Startup,Analytics Suite,493.96,1,3
CUST_00498,SMB,Analytics Suite,1225.56,0,4
CUST_00499,Startup,Analytics Suite,614.62,0,1
CUST_00500,Startup,Enterprise Core,490.2,0,3
CUST_00501,Startup,Analytics Suite,545.98,0,4
CUST_00502,Startup,Analytics Suite,482.52,0,1
CUST_00503,SMB,Cloud Pro,1055.67,0,1
CUST_00504,Startup,Cloud Pro,449.08,1,2
CUST_00505,Startup,Analytics Suite,369.12,1,1
CUST_00506,SMB,Analytics Suite,1386.88,0,7
CUST_00507,Startup,Analytics Suite,567.72,0,4
CUST_00508,Startup,Analytics Suite,518.25,0,2
CUST_00509,Startup,Analytics Suite,420.62,0,2
CUST_00510,Startup,Enterprise Core,514.94,0,1
CUST_00511,Startup,Enterprise Core,579.78,0,0
CUST_00512,SMB,Analytics Suite,628.13,0,4
CUST_00513,Startup,Enterprise Core,685.66,0,4
CUST_00514,Startup,Cloud Pro,451.82,0,4
CUST_00515,Enterprise,Cloud Pro,17737.64,0,2
CUST_00516,Enterprise,Cloud Pro,14839.41,0,0
CUST_00517,SMB,Analytics Suite,687.39,0,7
CUST_00518,Startup,Enterprise Core,382.05,0,1
CUST_00519,Startup,Cloud Pro,516.43,0,4
CUST_00520,SMB,Enterprise Core,1439.24,0,4
CUST_00521,Startup,Cloud Pro,599.76,0,6
CUST_00522,SMB,Enterprise Core,942.64,0,4
CUST_00523,Startup,Analytics Suite,486.79,0,2
CUST_00524,Startup,Cloud Pro,447.63,0,3
CUST_00525,Startup,Analytics Suite,528.97,0,3
CUST_00526,Startup,Cloud Pro,504.59,0,1
CUST_00527,SMB,Cloud Pro,835.14,0,3
CUST_00528,SMB,Cloud Pro,1136.65,0,3
CUST_00529,SMB,Enterprise Core,1162.88,0,3
CUST_00530,Startup,Analytics Suite,718.57,0,2
CUST_00531,Startup,Cloud Pro,437.0,1,2
CUST_00532,Startup,Analytics Suite,573.2,0,4
CUST_00533,Startup,Analytics Suite,515.45,1,4
CUST_00534,Startup,Cloud Pro,466.34,0,5
CUST_00535,Startup,Analytics Suite,608.39,0,3
CUST_00536,Startup,Cloud Pro,660.41,0,5
CUST_00537,Startup,Cloud Pro,303.41,0,2
CUST_00538,SMB,Analytics Suite,983.43,0,4
CUST_00539,Startup,Cloud Pro,564.94,0,3
CUST_00540,SMB,Analytics Suite,1116.36,0,2
CUST_00541,Startup,Analytics Suite,432.75,0,2
CUST_00542,Startup,Cloud Pro,522.33,0,2
CUST_00543,SMB,Analytics Suite,525.67,1,5
CUST_00544,Startup,Cloud Pro,704.21,1,1
CUST_00545,Startup,Enterprise Core,431.37,0,3
CUST_00546,SMB,Analytics Suite,713.47,0,5
CUST_00547,SMB,Enterprise Core,1216.01,0,6
CUST_00548,Startup,Analytics Suite,594.28,0,3
CUST_00549,Startup,Cloud Pro,608.17,0,1
CUST_00550,Startup,Analytics Suite,454.36,0,4
CUST_00551,Startup,Enterprise Core,464.92,0,4
CUST_00552,Startup,Analytics Suite,278.17,0,1
CUST_00553,Startup,Enterprise Core,600.14,0,2
CUST_00554,Startup,Enterprise Core,526.46,0,5
CUST_00555,Startup,Cloud Pro,364.31,0,3
CUST_00556,SMB,Cloud Pro,1044.63,0,3
CUST_00557,SMB,Analytics Suite,1096.15,0,2
CUST_00558,Enterprise,Analytics Suite,16993.42,0,1
CUST_00559,Startup,Enterprise Core,509.57,0,3
CUST_00560,Startup,Enterprise Core,440.67,1,5
CUST_00561,Startup,Analytics Suite,413.07,0,5
CUST_00562,SMB,Cloud Pro,931.41,0,5
CUST_00563,SMB,Enterprise Core,1127.54,0,3
CUST_00564,Enterprise,Cloud Pro,14899.8,0,0
CUST_00565,SMB,Enterprise Core,830.97,0,4
CUST_00566,Startup,Analytics Suite,555.34,0,3
CUST_00567,SMB,Analytics Suite,1094.37,0,6
CUST_00568,SMB,Cloud Pro,823.41,0,5
CUST_00569,Startup,Analytics Suite,569.05,0,5
CUST_00570,SMB,Analytics Suite,1053.12,0,2
CUST_00571,Startup,Analytics Suite,635.86,0,2
CUST_00572,Startup,Cloud Pro,464.58,0,3
CUST_00573,SMB,Analytics Suite,1099.28,0,3
CUST_00574,Startup,Enterprise Core,707.51,0,5
CUST_00575,Startup,Cloud Pro,574.25,0,5
CUST_00576,Startup,Cloud Pro,436.24,0,6
CUST_00577,SMB,Cloud Pro,974.51,0,4
CUST_00578,Startup,Analytics Suite,476.23,0,3
CUST_00579,Startup,Analytics Suite,392.98,0,1
CUST_00580,SMB,Analytics Suite,1343.81,0,5
CUST_00581,Startup,Cloud Pro,645.21,0,3
CUST_00582,Startup,Analytics Suite,501.41,0,3
CUST_00583,Startup,Analytics Suite,382.3,0,3
CUST_00584,SMB,Analytics Suite,1364.11,1,6
CUST_00585,Startup,Enterprise Core,423.04,0,1
CUST_00586,SMB,Cloud Pro,1109.46,0,9
CUST_00587,SMB,Analytics Suite,767.23,0,1
CUST_00588,SMB,Analytics Suite,1366.32,0,4
CUST_00589,SMB,Analytics Suite,1288.39,0,0
CUST_00590,SMB,Analytics Suite,897.53,1,3
CUST_00591,SMB,Analytics Suite,1330.95,0,5
CUST_00592,Startup,Enterprise Core,441.33,0,4
CUST_00593,SMB,Cloud Pro,864.15,0,8
CUST_00594,SMB,Cloud Pro,417.15,0,4
CUST_00595,Startup,Analytics Suite,475.14,0,3
CUST_00596,Startup,Analytics Suite,562.66,0,2
CUST_00597,Startup,Cloud Pro,430.86,0,4
CUST_00598,SMB,Cloud Pro,1137.51,1,6
CUST_00599,SMB,Cloud Pro,748.4,0,5
CUST_00600,Enterprise,Enterprise Core,15463.2,0,2
CUST_00601,SMB,Cloud Pro,792.59,0,3
CUST_00602,SMB,Cloud Pro,1133.07,0,3
CUST_00603,SMB,Cloud Pro,1190.26,0,3
CUST_00604,SMB,Analytics Suite,1105.38,0,6
CUST_00605,SMB,Cloud Pro,981.54,0,5
CUST_00606,Startup,Analytics Suite,655.63,0,3
CUST_00607,SMB,Cloud Pro,1025.28,0,1
CUST_00608,SMB,Enterprise Core,764.48,0,1
CUST_00609,Startup,Cloud Pro,503.76,0,2
CUST_00610,Startup,Analytics Suite,472.65,0,2
CUST_00611,Enterprise,Enterprise Core,14069.73,0,1
CUST_00612,Startup,Analytics Suite,699.69,0,3
CUST_00613,Startup,Analytics Suite,502.21,1,5
CUST_00614,SMB,Cloud Pro,1111.28,0,4
CUST_00615,Startup,Cloud Pro,610.39,0,1
CUST_00616,Startup,Analytics Suite,474.37,0,3
CUST_00617,SMB,Enterprise Core,700.55,0,5
CUST_00618,SMB,Analytics Suite,1256.19,0,3
CUST_00619,Startup,Analytics Suite,602.94,0,6
CUST_00620,Startup,Analytics Suite,579.67,0,5
CUST_00621,SMB,Analytics Suite,979.74,0,4
CUST_00622,SMB,Cloud Pro,581.49,0,4
CUST_00623,SMB,Analytics Suite,989.63,0,5
CUST_00624,Startup,Enterprise Core,486.37,0,3
CUST_00625,Startup,Cloud Pro,494.31,0,2
CUST_00626,SMB,Analytics Suite,932.73,0,2
CUST_00627,Startup,Cloud Pro,465.84,0,2
CUST_00628,Startup,Analytics Suite,586.72,0,1
CUST_00629,Enterprise,Cloud Pro,13874.7,0,1
CUST_00630,SMB,Analytics Suite,1048.25,0,4
CUST_00631,Startup,Enterprise Core,505.05,0,1
CUST_00632,Startup,Cloud Pro,648.98,0,2
CUST_00633,Startup,Analytics Suite,568.56,0,3
CUST_00634,Startup,Enterprise Core,485.84,0,3
CUST_00635,SMB,Enterprise Core,1106.21,0,2
CUST_00636,SMB,Cloud Pro,1029.78,0,3
CUST_00637,Startup,Analytics Suite,472.4,0,2
CUST_00638,SMB,Cloud Pro,1053.74,0,3
CUST_00639,SMB,Enterprise Core,1029.39,1,5
CUST_00640,SMB,Enterprise Core,895.57,0,4
CUST_00641,Enterprise,Analytics Suite,15168.26,0,0
CUST_00642,SMB,Enterprise Core,1122.77,0,6
CUST_00643,SMB,Analytics Suite,915.06,1,6
CUST_00644,SMB,Analytics Suite,1099.99,0,2
CUST_00645,SMB,Cloud Pro,949.17,0,5
CUST_00646,Startup,Enterprise Core,403.33,0,2
CUST_00647,Startup,Cloud Pro,526.78,0,6
CUST_00648,Startup,Enterprise Core,417.65,0,6
CUST_00649,Startup,Enterprise Core,666.37,0,3
CUST_00650,Startup,Analytics Suite,530.52,0,2
CUST_00651,SMB,Cloud Pro,989.79,0,4
CUST_00652,Startup,Cloud Pro,475.31,0,5
CUST_00653,Startup,Cloud Pro,598.27,0,2
CUST_00654,Startup,Analytics Suite,359.99,0,3
CUST_00655,SMB,Cloud Pro,1097.79,0,7
CUST_00656,SMB,Enterprise Core,908.74,0,6
CUST_00657,SMB,Analytics Suite,812.11,0,5
CUST_00658,SMB,Cloud Pro,1223.85,0,6
CUST_00659,Startup,Analytics Suite,514.49,0,1
CUST_00660,Startup,Analytics Suite,528.1,0,3
CUST_00661,SMB,Analytics Suite,824.51,1,3
CUST_00662,Startup,Analytics Suite,259.55,0,2
CUST_00663,Startup,Enterprise Core,320.44,0,4
CUST_00664,SMB,Analytics Suite,933.98,0,3
CUST_00665,SMB,Enterprise Core,888.91,0,6
CUST_00666,SMB,Enterprise Core,1004.37,0,4
CUST_00667,SMB,Cloud Pro,1002.8,0,5
CUST_00668,SMB,Enterprise Core,747.59,0,5
CUST_00669,SMB,Cloud Pro,948.56,0,4
CUST_00670,SMB,Enterprise Core,677.32,0,6
CUST_00671,SMB,Analytics Suite,1085.84,0,2
CUST_00672,Startup,Enterprise Core,583.16,0,2
CUST_00673,SMB,Enterprise Core,1188.0,0,7
CUST_00674,Startup,Enterprise Core,461.05,1,2
CUST_00675,SMB,Enterprise Core,1121.91,0,7
CUST_00676,Startup,Cloud Pro,344.46,0,1
CUST_00677,SMB,Cloud Pro,1191.26,0,5
CUST_00678,SMB,Analytics Suite,1464.93,0,4
CUST_00679,Startup,Cloud Pro,372.37,0,3
CUST_00680,Startup,Analytics Suite,416.98,0,2
CUST_00681,Startup,Cloud Pro,602.88,0,4
CUST_00682,SMB,Enterprise Core,1100.34,0,4
CUST_00683,SMB,Analytics Suite,992.02,0,5
CUST_00684,Startup,Enterprise Core,359.58,0,2
CUST_00685,Startup,Cloud Pro,434.97,0,1
CUST_00686,Startup,Enterprise Core,561.04,0,5
CUST_00687,Startup,Enterprise Core,552.05,0,5
CUST_00688,SMB,Analytics Suite,1085.22,0,3
CUST_00689,Startup,Analytics Suite,457.51,0,3
CUST_00690,SMB,Enterprise Core,1211.6,1,5
CUST_00691,SMB,Cloud Pro,992.15,1,4
CUST_00692,SMB,Analytics Suite,649.04,0,1
CUST_00693,Startup,Analytics Suite,579.46,0,0
CUST_00694,SMB,Cloud Pro,1194.72,0,4
CUST_00695,SMB,Analytics Suite,917.07,0,4
CUST_00696,Startup,Cloud Pro,400.48,1,2
CUST_00697,SMB,Cloud Pro,959.87,0,6
CUST_00698,Startup,Cloud Pro,536.75,0,0
CUST_00699,SMB,Enterprise Core,1111.2,0,5
CUST_00700,Startup,Analytics Suite,440.87,0,5
CUST_00701,Startup,Enterprise Core,397.41,0,5
CUST_00702,SMB,Analytics Suite,1012.47,1,3
CUST_00703,SMB,Cloud Pro,1356.96,1,6
CUST_00704,SMB,Analytics Suite,1002.69,0,5
CUST_00705,SMB,Analytics Suite,1135.3,0,5
CUST_00706,Startup,Cloud Pro,473.06,0,5
CUST_00707,SMB,Analytics Suite,919.82,0,3
CUST_00708,Startup,Cloud Pro,581.58,0,3
CUST_00709,SMB,Analytics Suite,1092.25,0,3
CUST_00710,Startup,Analytics Suite,528.89,0,2
CUST_00711,Startup,Cloud Pro,366.41,0,4
CUST_00712,Startup,Cloud Pro,572.41,0,0
CUST_00713,Startup,Enterprise Core,352.95,0,1
CUST_00714,SMB,Analytics Suite,747.45,0,8
CUST_00715,SMB,Cloud Pro,862.61,0,7
CUST_00716,Startup,Enterprise Core,639.27,0,3
CUST_00717,Startup,Cloud Pro,349.95,0,1
CUST_00718,Startup,Analytics Suite,465.33,0,2
CUST_00719,SMB,Enterprise Core,868.66,0,5
CUST_00720,Startup,Cloud Pro,473.97,0,1
CUST_00721,Startup,Cloud Pro,608.42,0,2
CUST_00722,SMB,Cloud Pro,1042.06,0,4
CUST_00723,SMB,Cloud Pro,1051.23,0,3
CUST_00724,Startup,Cloud Pro,619.33,0,5
CUST_00725,Startup,Analytics Suite,394.62,0,4
CUST_00726,Startup,Cloud Pro,542.78,0,3
CUST_00727,SMB,Analytics Suite,1081.59,0,5
CUST_00728,Startup,Enterprise Core,535.5,0,1
CUST_00729,SMB,Enterprise Core,862.02,1,6
CUST_00730,SMB,Analytics Suite,1008.35,0,2
CUST_00731,SMB,Cloud Pro,977.7,0,8
CUST_00732,Startup,Analytics Suite,644.18,0,1
CUST_00733,Startup,Analytics Suite,409.12,0,1
CUST_00734,Startup,Analytics Suite,668.45,0,2
CUST_00735,SMB,Cloud Pro,784.36,0,3
CUST_00736,Startup,Enterprise Core,537.71,0,2
CUST_00737,SMB,Analytics Suite,860.12,0,4
CUST_00738,Startup,Cloud Pro,516.17,0,3
CUST_00739,SMB,Analytics Suite,1012.45,0,5
CUST_00740,SMB,Analytics Suite,837.51,0,4
CUST_00741,Startup,Enterprise Core,423.58,0,2
CUST_00742,SMB,Analytics Suite,1175.23,0,3
CUST_00743,Startup,Enterprise Core,192.88,0,5
CUST_00744,Startup,Cloud Pro,577.8,0,2
CUST_00745,SMB,Analytics Suite,1021.41,0,2
CUST_00746,Startup,Analytics Suite,465.49,0,3
CUST_00747,SMB,Cloud Pro,860.48,0,5
CUST_00748,Startup,Cloud Pro,404.59,0,2
CUST_00749,Startup,Enterprise Core,670.46,0,2
CUST_00750,Startup,Cloud Pro,389.19,0,2
CUST_00751,SMB,Analytics Suite,1218.04,0,4
CUST_00752,Startup,Cloud Pro,425.19,0,2
CUST_00753,Startup,Cloud Pro,483.01,0,0
CUST_00754,SMB,Cloud Pro,1327.35,0,9
CUST_00755,SMB,Enterprise Core,1281.45,0,2
CUST_00756,Startup,Enterprise Core,379.14,0,5
CUST_00757,Startup,Enterprise Core,516.54,0,4
CUST_00758,Startup,Analytics Suite,361.8,0,0
CUST_00759,Startup,Cloud Pro,477.29,0,5
CUST_00760,Startup,Analytics Suite,485.82,0,4
CUST_00761,SMB,Analytics Suite,866.37,0,4
CUST_00762,SMB,Enterprise Core,843.75,1,8
CUST_00763,SMB,Cloud Pro,994.29,0,6
CUST_00764,Startup,Analytics Suite,511.87,0,5
CUST_00765,Enterprise,Cloud Pro,13654.74,0,0
CUST_00766,Startup,Cloud Pro,563.87,0,5
CUST_00767,Startup,Analytics Suite,520.99,0,6
CUST_00768,Startup,Analytics Suite,473.63,0,0
CUST_00769,SMB,Analytics Suite,756.5,0,3
CUST_00770,Startup,Analytics Suite,499.14,0,3
CUST_00771,SMB,Analytics Suite,832.09,0,3
CUST_00772,Startup,Enterprise Core,621.7,0,2
CUST_00773,SMB,Enterprise Core,849.23,0,3
CUST_00774,SMB,Enterprise Core,1076.53,0,0
CUST_00775,Startup,Enterprise Core,355.64,1,0
CUST_00776,SMB,Cloud Pro,1137.38,0,6
CUST_00777,SMB,Analytics Suite,1036.76,0,5
CUST_00778,Startup,Analytics Suite,458.56,1,3
CUST_00779,Startup,Cloud Pro,699.39,0,5
CUST_00780,Startup,Enterprise Core,454.45,0,2
CUST_00781,Startup,Cloud Pro,515.14,0,2
CUST_00782,Startup,Enterprise Core,529.85,0,3
CUST_00783,SMB,Analytics Suite,1014.97,0,7
CUST_00784,SMB,Analytics Suite,1263.72,0,5
CUST_00785,SMB,Analytics Suite,921.82,0,5
CUST_00786,Startup,Enterprise Core,524.21,0,4
CUST_00787,Startup,Analytics Suite,749.74,0,2
CUST_00788,SMB,Analytics Suite,1009.2,0,6
CUST_00789,Startup,Cloud Pro,399.31,0,1
CUST_00790,Startup,Analytics Suite,504.78,0,3
CUST_00791,SMB,Cloud Pro,1013.67,0,7
CUST_00792,Startup,Analytics Suite,325.35,0,5
CUST_00793,Startup,Analytics Suite,497.45,1,3
CUST_00794,Startup,Analytics Suite,478.28,0,4
CUST_00795,Enterprise,Cloud Pro,10393.37,0,2
CUST_00796,Startup,Cloud Pro,526.72,0,4
CUST_00797,Startup,Analytics Suite,437.26,1,3
CUST_00798,Startup,Cloud Pro,507.31,0,0
CUST_00799,Startup,Cloud Pro,455.2,0,4
CUST_00800,Startup,Cloud Pro,378.52,0,2
CUST_00801,Startup,Enterprise Core,557.93,0,0
CUST_00802,SMB,Analytics Suite,1282.41,0,4
CUST_00803,Startup,Analytics Suite,461.61,0,3
CUST_00804,Startup,Cloud Pro,520.23,0,2
CUST_00805,SMB,Cloud Pro,668.72,0,3
CUST_00806,Startup,Enterprise Core,448.77,0,0
CUST_00807,Startup,Analytics Suite,502.94,0,1
CUST_00808,Startup,Cloud Pro,551.66,0,0
CUST_00809,Startup,Cloud Pro,427.01,0,3
CUST_00810,SMB,Cloud Pro,1394.88,1,3
CUST_00811,Startup,Analytics Suite,358.92,0,3
CUST_00812,Startup,Enterprise Core,536.41,1,4
CUST_00813,SMB,Cloud Pro,978.61,0,6
CUST_00814,Startup,Cloud Pro,694.22,0,5
CUST_00815,Startup,Cloud Pro,537.88,0,4
CUST_00816,Startup,Enterprise Core,569.54,0,4
CUST_00817,Startup,Cloud Pro,405.41,1,3
CUST_00818,SMB,Enterprise Core,1051.99,0,5
CUST_00819,SMB,Analytics Suite,1372.25,1,3
CUST_00820,SMB,Analytics Suite,810.74,0,3
CUST_00821,Startup,Cloud Pro,567.26,0,2
CUST_00822,Enterprise,Cloud Pro,17541.41,0,0
CUST_00823,SMB,Analytics Suite,708.68,0,5
CUST_00824,SMB,Enterprise Core,1373.17,1,5
CUST_00825,Startup,Analytics Suite,421.12,0,3
CUST_00826,Startup,Analytics Suite,473.87,0,1
CUST_00827,SMB,Cloud Pro,968.27,0,3
CUST_00828,SMB,Enterprise Core,1043.52,0,6
CUST_00829,Startup,Enterprise Core,259.63,0,5
CUST_00830,Startup,Cloud Pro,639.25,0,3
CUST_00831,SMB,Enterprise Core,720.18,0,4
CUST_00832,Startup,Analytics Suite,347.97,0,4
CUST_00833,SMB,Analytics Suite,969.61,0,4
CUST_00834,SMB,Analytics Suite,1212.03,0,5
CUST_00835,Startup,Enterprise Core,608.86,1,2
CUST_00836,SMB,Analytics Suite,1041.89,0,3
CUST_00837,Startup,Cloud Pro,564.41,0,5
CUST_00838,SMB,Cloud Pro,1016.4,1,5
CUST_00839,Startup,Enterprise Core,510.29,0,4
CUST_00840,Startup,Cloud Pro,268.6,0,1
CUST_00841,Enterprise,Analytics Suite,13415.85,0,3
CUST_00842,Startup,Analytics Suite,459.62,0,2
CUST_00843,SMB,Analytics Suite,1027.32,0,2
CUST_00844,Startup,Analytics Suite,502.54,0,5
CUST_00845,SMB,Enterprise Core,731.99,0,6
CUST_00846,SMB,Cloud Pro,956.62,0,3
CUST_00847,SMB,Cloud Pro,1137.17,0,1
CUST_00848,Startup,Cloud Pro,284.63,0,6
CUST_00849,Startup,Enterprise Core,509.43,0,3
CUST_00850,Startup,Analytics Suite,396.36,0,5
CUST_00851,SMB,Cloud Pro,1187.74,0,6
CUST_00852,Startup,Enterprise Core,377.69,0,1
CUST_00853,SMB,Enterprise Core,957.17,0,7
CUST_00854,Startup,Enterprise Core,583.72,0,6
CUST_00855,SMB,Enterprise Core,672.88,0,2
CUST_00856,SMB,Cloud Pro,1193.59,0,1
CUST_00857,Enterprise,Enterprise Core,10068.89,0,0
CUST_00858,Startup,Analytics Suite,441.29,0,3
CUST_00859,Startup,Enterprise Core,428.55,0,1
CUST_00860,SMB,Analytics Suite,1030.67,0,5
CUST_00861,Startup,Enterprise Core,629.58,0,3
CUST_00862,Startup,Analytics Suite,556.64,0,5
CUST_00863,Startup,Cloud Pro,653.83,0,1
CUST_00864,SMB,Analytics Suite,1096.1,0,5
CUST_00865,SMB,Enterprise Core,774.95,0,3
CUST_00866,Startup,Enterprise Core,390.65,0,4
CUST_00867,SMB,Cloud Pro,732.69,1,3
CUST_00868,SMB,Cloud Pro,1267.33,0,2
CUST_00869,Startup,Cloud Pro,423.43,0,4
CUST_00870,Startup,Analytics Suite,490.56,0,0
CUST_00871,SMB,Enterprise Core,1079.69,0,4
CUST_00872,SMB,Cloud Pro,1049.08,0,0
CUST_00873,Startup,Analytics Suite,570.62,0,1
CUST_00874,SMB,Enterprise Core,1045.6,0,4
CUST_00875,Enterprise,Analytics Suite,15068.42,0,1
CUST_00876,SMB,Analytics Suite,854.65,0,3
CUST_00877,Startup,Analytics Suite,555.2,0,2
CUST_00878,Startup,Analytics Suite,465.59,0,4
CUST_00879,Enterprise,Cloud Pro,14603.92,0,1
CUST_00880,SMB,Analytics Suite,890.52,0,1
CUST_00881,SMB,Analytics Suite,1217.98,0,2
CUST_00882,Startup,Enterprise Core,442.88,0,0
CUST_00883,Enterprise,Analytics Suite,13966.86,0,1
CUST_00884,SMB,Enterprise Core,1136.66,0,5
CUST_00885,Startup,Cloud Pro,422.7,1,2
CUST_00886,SMB,Analytics Suite,825.85,1,4
CUST_00887,Startup,Cloud Pro,484.15,0,5
CUST_00888,SMB,Cloud Pro,816.4,0,7
CUST_00889,SMB,Analytics Suite,923.7,0,5
CUST_00890,SMB,Enterprise Core,735.9,0,3
CUST_00891,Startup,Cloud Pro,541.68,0,1
CUST_00892,Startup,Analytics Suite,616.71,1,3
CUST_00893,Startup,Enterprise Core,228.74,0,1
CUST_00894,SMB,Cloud Pro,970.11,0,1
CUST_00895,Startup,Analytics Suite,444.77,0,0
CUST_00896,SMB,Analytics Suite,780.57,0,4
CUST_00897,SMB,Analytics Suite,767.59,0,1
CUST_00898,Startup,Cloud Pro,658.21,0,2
CUST_00899,Enterprise,Analytics Suite,12992.32,0,1
CUST_00900,SMB,Enterprise Core,1112.13,0,7
CUST_00901,SMB,Analytics Suite,1038.6,0,2
CUST_00902,Enterprise,Cloud Pro,15929.2,0,0
CUST_00903,SMB,Enterprise Core,908.7,0,3
CUST_00904,Startup,Cloud Pro,628.44,1,2
CUST_00905,SMB,Analytics Suite,956.7,0,2
CUST_00906,Startup,Cloud Pro,406.08,0,4
CUST_00907,Startup,Enterprise Core,553.74,0,2
CUST_00908,SMB,Analytics Suite,1128.46,0,6
CUST_00909,SMB,Cloud Pro,799.31,0,5
CUST_00910,SMB,Cloud Pro,933.73,1,5
CUST_00911,Startup,Cloud Pro,463.77,0,2
CUST_00912,SMB,Enterprise Core,1148.36,0,4
CUST_00913,Startup,Enterprise Core,379.08,0,4
CUST_00914,SMB,Analytics Suite,1011.35,0,8
CUST_00915,Startup,Analytics Suite,407.09,0,1
CUST_00916,SMB,Analytics Suite,773.2,0,4
CUST_00917,SMB,Enterprise Core,1025.21,0,3
CUST_00918,Startup,Analytics Suite,577.8,0,3
CUST_00919,Startup,Analytics Suite,484.79,0,5
CUST_00920,SMB,Analytics Suite,1309.15,0,6
CUST_00921,Startup,Analytics Suite,455.67,0,1
CUST_00922,Startup,Cloud Pro,471.14,0,4
CUST_00923,Startup,Analytics Suite,456.8,0,1
CUST_00924,Startup,Analytics Suite,680.76,0,1
CUST_00925,SMB,Enterprise Core,1194.67,0,5
CUST_00926,Enterprise,Cloud Pro,15247.79,0,0
CUST_00927,SMB,Analytics Suite,584.58,0,6
CUST_00928,Startup,Analytics Suite,476.47,0,3
CUST_00929,Startup,Analytics Suite,463.23,0,4
CUST_00930,SMB,Cloud Pro,907.97,0,6
CUST_00931,SMB,Analytics Suite,948.72,0,5
CUST_00932,Startup,Analytics Suite,366.29,0,4
CUST_00933,Startup,Analytics Suite,340.99,0,1
CUST_00934,Startup,Analytics Suite,433.53,0,2
CUST_00935,SMB,Analytics Suite,741.81,1,6
CUST_00936,SMB,Enterprise Core,1184.6,0,4
CUST_00937,Enterprise,Cloud Pro,12696.39,0,1
CUST_00938,Startup,Enterprise Core,463.59,0,0
CUST_00939,SMB,Analytics Suite,1098.29,0,4
CUST_00940,Startup,Cloud Pro,477.09,0,2
CUST_00941,SMB,Cloud Pro,1270.56,0,3
CUST_00942,Startup,Cloud Pro,453.34,0,0
CUST_00943,Startup,Enterprise Core,437.11,0,4
CUST_00944,Startup,Analytics Suite,682.93,0,2
CUST_00945,SMB,Enterprise Core,912.06,0,5
CUST_00946,Enterprise,Analytics Suite,12809.15,0,1
CUST_00947,SMB,Analytics Suite,1123.41,1,5
CUST_00948,Startup,Cloud Pro,331.81,0,0
CUST_00949,Startup,Cloud Pro,415.03,0,1
CUST_00950,Startup,Analytics Suite,451.7,0,3
CUST_00951,Startup,Cloud Pro,603.72,0,1
CUST_00952,Startup,Cloud Pro,408.95,0,3
CUST_00953,SMB,Analytics Suite,1140.63,0,5
CUST_00954,Startup,Analytics Suite,749.84,0,3
CUST_00955,SMB,Enterprise Core,986.71,0,7
CUST_00956,SMB,Enterprise Core,928.38,0,6
CUST_00957,Startup,Analytics Suite,556.82,1,1
CUST_00958,Enterprise,Analytics Suite,12607.96,0,1
CUST_00959,SMB,Analytics Suite,792.29,1,4
CUST_00960,Startup,Enterprise Core,629.24,0,1
CUST_00961,SMB,Cloud Pro,926.28,0,2
CUST_00962,Startup,Analytics Suite,580.7,1,3
CUST_00963,SMB,Enterprise Core,1115.45,0,3
CUST_00964,SMB,Analytics Suite,867.82,0,3
CUST_00965,SMB,Analytics Suite,894.22,0,4
CUST_00966,SMB,Analytics Suite,901.62,0,6
CUST_00967,Startup,Cloud Pro,402.02,0,1
CUST_00968,SMB,Analytics Suite,1130.83,0,10
CUST_00969,Startup,Cloud Pro,647.51,0,2
CUST_00970,Startup,Cloud Pro,480.66,0,2
CUST_00971,Startup,Cloud Pro,714.3,0,0
CUST_00972,Startup,Enterprise Core,453.02,0,2
CUST_00973,Startup,Cloud Pro,525.37,1,2
CUST_00974,SMB,Analytics Suite,641.38,0,6
CUST_00975,Enterprise,Cloud Pro,13568.43,0,2
CUST_00976,SMB,Enterprise Core,764.45,0,4
CUST_00977,Startup,Cloud Pro,591.26,0,4
CUST_00978,SMB,Analytics Suite,1084.34,0,6
CUST_00979,Startup,Enterprise Core,576.75,0,2
CUST_00980,Startup,Enterprise Core,499.83,1,2
CUST_00981,SMB,Cloud Pro,1073.08,0,2
CUST_00982,Startup,Enterprise Core,496.08,0,3
CUST_00983,SMB,Analytics Suite,835.1,1,2
CUST_00984,SMB,Analytics Suite,850.61,0,2
CUST_00985,Startup,Cloud Pro,432.87,0,3
CUST_00986,Startup,Cloud Pro,513.51,0,2
CUST_00987,Startup,Analytics Suite,402.17,0,3
CUST_00988,SMB,Analytics Suite,1359.7,0,5
CUST_00989,SMB,Analytics Suite,746.14,0,7
CUST_00990,Startup,Analytics Suite,653.62,0,1
CUST_00991,Startup,Enterprise Core,428.0,0,3
CUST_00992,Startup,Cloud Pro,407.59,0,2
CUST_00993,SMB,Analytics Suite,1028.75,0,4
CUST_00994,Startup,Cloud Pro,491.53,0,2
CUST_00995,SMB,Enterprise Core,749.94,0,4
CUST_00996,SMB,Analytics Suite,1042.16,0,0
CUST_00997,Startup,Enterprise Core,577.46,0,3
CUST_00998,SMB,Cloud Pro,1035.82,0,7
CUST_00999,Startup,Cloud Pro,621.65,1,5
CUST_01000,SMB,Cloud Pro,521.48,0,5
