customer_id,customer_type,lifetime_value,churn,support_tickets,retention_days
CUST_00001,SMB,8177.7,0,7,339.9
CUST_00002,Startup,2245.55,1,7,285.4
CUST_00003,Startup,2281.49,1,2,259.4
CUST_00004,Startup,2066.64,0,1,260.9
CUST_00005,SMB,8412.57,0,5,304.2
CUST_00006,SMB,8082.28,0,10,483.9
CUST_00007,SMB,9579.57,0,3,388.6
CUST_00008,Startup,1419.9,0,3,231.7
CUST_00009,Startup,2295.3,0,2,271.4
CUST_00010,Startup,2049.94,0,2,299.7
CUST_00011,Enterprise,140652.89,0,1,1194.5
CUST_00012,Startup,1887.98,0,3,233.1
CUST_00013,Startup,2060.88,0,1,219.4
CUST_00014,SMB,7637.46,0,7,455.0
CUST_00015,SMB,6620.68,0,2,376.1
CUST_00016,SMB,7482.39,0,7,433.4
CUST_00017,SMB,8240.02,0,11,438.3
CUST_00018,Startup,1949.86,0,4,285.9
CUST_00019,SMB,8191.1,0,4,422.8
CUST_00020,SMB,8249.38,0,6,514.6
CUST_00021,Startup,2322.09,1,3,238.9
CUST_00022,SMB,8367.1,1,1,388.5
CUST_00023,SMB,9565.52,0,5,416.1
CUST_00024,SMB,8648.64,0,3,479.2
CUST_00025,Startup,2195.06,0,4,276.0
CUST_00026,Startup,1927.63,0,0,294.1
CUST_00027,SMB,6748.46,0,9,506.6
CUST_00028,Startup,2374.76,0,1,299.7
CUST_00029,Startup,1797.08,0,1,352.0
CUST_00030,Enterprise,126128.93,0,1,1306.5
CUST_00031,Startup,1864.31,0,4,183.0
CUST_00032,SMB,7033.02,0,6,417.1
CUST_00033,SMB,8208.38,1,2,297.5
CUST_00034,Startup,1699.51,0,3,268.8
CUST_00035,Startup,2082.65,0,0,248.1
CUST_00036,Startup,2543.59,0,4,294.3
CUST_00037,SMB,8114.53,0,4,477.0
CUST_00038,SMB,6968.42,0,8,388.2
CUST_00039,Startup,1849.32,1,4,288.5
CUST_00040,SMB,6135.67,0,4,365.9
CUST_00041,SMB,7894.61,0,6,526.8
CUST_00042,Startup,2413.04,0,3,311.1
CUST_00043,Enterprise,149616.69,0,2,1367.3
CUST_00044,Startup,2344.63,0,4,210.4
CUST_00045,SMB,7532.3,0,2,440.8
CUST_00046,Startup,2023.05,0,3,228.7
CUST_00047,SMB,7161.61,0,3,451.2
CUST_00048,Startup,2114.58,0,2,297.2
CUST_00049,Startup,1978.52,0,1,278.5
CUST_00050,SMB,7869.08,0,2,357.9
CUST_00051,Startup,2041.8,0,4,298.1
CUST_00052,Startup,1718.46,0,3,305.8
CUST_00053,Startup,1942.8,0,7,288.7
CUST_00054,Startup,2059.27,0,2,298.0
CUST_00055,Startup,1768.51,0,1,291.9
CUST_00056,Startup,1980.76,0,5,293.2
CUST_00057,SMB,9046.92,0,5,454.2
CUST_00058,SMB,6903.72,0,4,333.6
CUST_00059,Enterprise,174630.23,0,1,1351.0
CUST_00060,SMB,8059.14,0,1,487.6
CUST_00061,SMB,6610.43,0,6,321.3
CUST_00062,SMB,8758.93,0,4,436.9
CUST_00063,Startup,1492.11,0,3,276.1
CUST_00064,SMB,9514.52,0,2,466.4
CUST_00065,SMB,7030.8,0,3,453.1
CUST_00066,Startup,1994.11,0,1,302.1
CUST_00067,SMB,8471.96,0,5,428.4
CUST_00068,Startup,1626.84,0,4,252.3
CUST_00069,SMB,7164.65,0,4,548.7
CUST_00070,Startup,2013.14,0,2,274.1
CUST_00071,Startup,1973.52,0,2,383.2
CUST_00072,SMB,9677.7,0,3,386.8
CUST_00073,Enterprise,125654.31,0,0,1306.3
CUST_00074,Startup,1669.77,0,1,251.5
CUST_00075,Startup,2070.14,0,3,217.8
CUST_00076,Startup,2208.5,0,1,357.9
CUST_00077,Startup,2167.5,0,3,283.0
CUST_00078,SMB,9583.47,0,5,401.6
CUST_00079,SMB,9213.1,0,3,428.5
CUST_00080,SMB,8503.74,0,1,454.9
CUST_00081,Startup,1764.2,0,4,226.8
CUST_00082,Startup,2116.57,0,5,379.7
CUST_00083,SMB,7561.41,0,5,490.0
CUST_00084,SMB,8536.51,0,9,366.1
CUST_00085,SMB,5474.28,0,2,423.8
CUST_00086,SMB,8507.76,0,3,423.2
CUST_00087,Startup,1637.09,0,2,304.0
CUST_00088,Startup,1935.97,1,1,339.6
CUST_00089,Startup,1830.91,0,1,263.6
CUST_00090,Startup,1883.55,0,5,286.8
CUST_00091,SMB,6956.03,0,4,407.5
CUST_00092,Startup,2263.59,1,2,310.5
CUST_00093,Startup,2258.93,0,2,248.1
CUST_00094,Startup,1701.77,0,2,278.8
CUST_00095,Startup,1642.08,0,3,278.4
CUST_00096,Startup,2441.35,0,5,271.6
CUST_00097,Startup,1973.5,0,4,316.9
CUST_00098,SMB,6808.71,0,3,423.8
CUST_00099,Enterprise,144520.18,0,0,1268.5
CUST_00100,SMB,6652.87,0,4,361.7
CUST_00101,Enterprise,167785.56,0,0,1321.9
CUST_00102,Startup,2298.81,0,2,249.7
CUST_00103,SMB,9328.19,0,4,453.4
CUST_00104,Startup,2017.1,0,3,290.7
CUST_00105,Startup,2167.05,0,3,271.6
CUST_00106,SMB,7778.75,0,8,403.4
CUST_00107,SMB,8490.97,0,5,464.1
CUST_00108,Startup,1971.69,0,4,276.6
CUST_00109,SMB,10300.41,0,6,484.5
CUST_00110,SMB,7749.53,0,5,418.8
CUST_00111,SMB,9669.9,0,4,443.7
CUST_00112,SMB,7215.1,0,3,458.9
CUST_00113,Startup,1754.84,0,4,196.2
CUST_00114,Startup,2349.96,0,3,257.1
CUST_00115,Startup,2462.63,0,5,360.2
CUST_00116,Startup,2334.77,0,3,254.0
CUST_00117,Startup,1784.95,0,5,205.3
CUST_00118,SMB,9861.81,0,4,355.4
CUST_00119,Startup,1624.0,0,1,293.9
CUST_00120,Startup,2042.27,0,5,209.3
CUST_00121,Startup,1942.37,0,1,335.6
CUST_00122,Startup,1991.75,0,3,350.9
CUST_00123,SMB,8395.31,0,2,385.6
CUST_00124,SMB,7023.62,0,6,366.5
CUST_00125,SMB,7473.92,1,4,419.2
CUST_00126,SMB,8247.08,0,3,425.2
CUST_00127,Startup,2238.28,0,4,229.8
CUST_00128,Startup,1779.62,0,2,247.6
CUST_00129,Enterprise,156432.25,0,2,1319.3
CUST_00130,Startup,1678.36,0,6,163.1
CUST_00131,SMB,8020.79,0,3,376.3
CUST_00132,SMB,7290.97,0,7,389.4
CUST_00133,SMB,8883.11,0,4,415.3
CUST_00134,SMB,8113.27,0,7,333.7
CUST_00135,Startup,2294.77,0,4,306.3
CUST_00136,SMB,7453.49,0,4,389.1
CUST_00137,Startup,2057.46,0,5,289.6
CUST_00138,Startup,1943.86,0,0,319.4
CUST_00139,SMB,9187.39,0,3,575.4
CUST_00140,Startup,2081.29,0,4,292.2
CUST_00141,Startup,1972.65,0,1,190.4
CUST_00142,SMB,8840.62,1,3,452.8
CUST_00143,Startup,2229.08,0,5,330.3
CUST_00144,SMB,6820.96,0,2,491.3
CUST_00145,SMB,8586.69,0,5,391.5
CUST_00146,Enterprise,165430.24,0,4,1118.3
CUST_00147,Startup,2081.81,0,1,306.0
CUST_00148,Startup,2332.12,0,2,275.2
CUST_00149,SMB,7464.67,0,7,414.6
CUST_00150,SMB,8888.66,0,4,388.4
CUST_00151,Startup,1434.44,0,3,268.1
CUST_00152,SMB,8950.31,0,2,522.6
CUST_00153,SMB,8070.05,1,3,489.7
CUST_00154,Startup,2079.55,0,4,305.7
CUST_00155,Startup,2442.22,0,6,265.9
CUST_00156,SMB,7034.5,0,7,421.8
CUST_00157,Startup,1777.26,0,0,227.2
CUST_00158,Startup,1871.21,0,2,252.3
CUST_00159,SMB,6495.28,0,1,465.6
CUST_00160,Startup,2325.34,0,3,256.9
CUST_00161,SMB,8213.2,1,6,374.9
CUST_00162,Startup,1787.48,0,4,219.5
CUST_00163,Startup,1855.08,0,0,285.9
CUST_00164,Startup,2483.67,0,3,315.9
CUST_00165,SMB,9521.4,1,5,390.5
CUST_00166,Startup,1970.42,0,4,280.8
CUST_00167,SMB,6856.27,1,4,426.5
CUST_00168,SMB,8159.86,0,7,358.3
CUST_00169,Enterprise,146013.46,0,3,1393.3
CUST_00170,Startup,2238.05,0,4,210.1
CUST_00171,Startup,1668.29,0,1,271.4
CUST_00172,Enterprise,150743.68,0,1,1233.9
CUST_00173,Startup,1494.97,0,2,247.8
CUST_00174,SMB,7973.59,0,2,436.8
CUST_00175,Startup,2163.89,0,0,280.3
CUST_00176,SMB,7911.64,0,2,397.8
CUST_00177,Startup,2168.28,0,6,268.2
CUST_00178,SMB,7892.7,0,4,446.9
CUST_00179,Startup,2191.42,0,2,300.0
CUST_00180,SMB,7831.86,0,5,391.7
CUST_00181,SMB,7794.71,0,7,560.0
CUST_00182,SMB,10644.34,0,7,329.8
CUST_00183,Startup,1800.35,0,4,314.9
CUST_00184,Startup,2076.58,0,1,321.8
CUST_00185,SMB,7404.34,0,9,502.5
CUST_00186,Startup,2349.74,0,1,271.8
CUST_00187,Startup,2178.07,0,1,162.4
CUST_00188,Startup,2587.12,0,2,270.3
CUST_00189,Startup,2343.62,0,2,258.7
CUST_00190,SMB,7464.39,1,9,471.4
CUST_00191,SMB,7973.48,1,2,367.1
CUST_00192,Startup,1762.27,0,3,267.7
CUST_00193,Startup,1861.02,0,2,271.2
CUST_00194,Startup,1951.59,0,2,251.6
CUST_00195,SMB,7845.08,0,6,462.0
CUST_00196,SMB,7145.33,0,4,440.1
CUST_00197,Startup,1668.39,0,4,311.3
CUST_00198,Startup,1778.36,0,1,315.6
CUST_00199,Startup,1842.77,0,1,286.1
CUST_00200,Startup,1812.14,0,1,280.6
CUST_00201,Startup,2247.53,0,1,245.3
CUST_00202,SMB,8728.68,0,6,390.7
CUST_00203,SMB,7934.45,0,2,538.9
CUST_00204,Startup,2156.67,0,5,247.3
CUST_00205,Startup,2184.73,1,4,328.2
CUST_00206,Enterprise,141741.95,0,0,1127.9
CUST_00207,SMB,7546.75,0,5,507.1
CUST_00208,Startup,2291.28,0,3,344.1
CUST_00209,Enterprise,132158.82,0,0,1414.3
CUST_00210,SMB,7671.38,0,1,456.2
CUST_00211,Startup,1476.85,0,0,284.8
CUST_00212,Startup,1542.4,1,1,234.6
CUST_00213,Startup,1231.3,0,1,272.4
CUST_00214,SMB,8538.06,0,6,417.5
CUST_00215,Startup,1928.69,0,0,287.7
CUST_00216,SMB,8980.85,0,2,375.5
CUST_00217,SMB,8988.67,0,4,338.9
CUST_00218,Startup,1317.95,0,1,242.5
CUST_00219,Startup,1969.02,0,1,214.3
CUST_00220,Startup,2161.13,1,2,282.1
CUST_00221,Startup,2101.64,0,3,240.2
CUST_00222,Startup,2474.16,0,3,239.4
CUST_00223,SMB,8330.07,1,1,457.2
CUST_00224,SMB,7164.86,0,5,545.4
CUST_00225,SMB,8841.53,0,2,382.9
CUST_00226,SMB,7799.25,0,5,346.1
CUST_00227,Startup,1520.56,0,1,298.5
CUST_00228,SMB,8162.74,0,10,422.5
CUST_00229,Startup,2417.74,0,3,327.0
CUST_00230,Startup,1624.88,0,2,304.2
CUST_00231,Startup,1868.98,0,2,277.4
CUST_00232,Startup,2223.26,0,0,272.8
CUST_00233,Startup,1805.19,0,6,332.9
CUST_00234,Startup,1408.97,0,1,315.7
CUST_00235,SMB,6473.73,1,1,422.0
CUST_00236,Startup,1877.89,0,4,307.5
CUST_00237,SMB,7101.22,0,7,340.2
CUST_00238,Enterprise,141739.18,0,0,1147.4
CUST_00239,Startup,2003.34,0,6,308.4
CUST_00240,SMB,8109.47,0,2,483.2
CUST_00241,Startup,2207.07,1,3,177.7
CUST_00242,Startup,2203.81,0,3,234.0
CUST_00243,Startup,2259.08,0,6,303.2
CUST_00244,SMB,7401.57,0,5,433.7
CUST_00245,Enterprise,159756.75,0,2,1099.7
CUST_00246,Startup,2598.7,0,9,404.4
CUST_00247,SMB,7464.04,0,9,452.4
CUST_00248,Startup,2208.66,0,0,314.0
CUST_00249,Startup,1544.64,0,3,265.7
CUST_00250,Startup,2545.77,0,3,281.6
CUST_00251,SMB,7521.16,0,8,368.2
CUST_00252,SMB,7630.72,0,4,428.6
CUST_00253,Startup,1811.22,1,4,341.3
CUST_00254,SMB,7844.1,0,6,387.1
CUST_00255,SMB,7036.24,0,3,362.6
CUST_00256,Startup,2454.08,0,2,255.5
CUST_00257,Startup,1751.45,0,2,253.5
CUST_00258,Startup,2026.27,1,2,295.8
CUST_00259,Startup,2059.2,0,2,247.5
CUST_00260,SMB,9189.91,0,5,480.8
CUST_00261,Startup,2165.44,0,4,293.6
CUST_00262,Startup,1540.67,0,3,300.6
CUST_00263,SMB,7135.61,0,5,411.5
CUST_00264,Startup,2524.88,0,2,335.3
CUST_00265,Startup,2088.27,0,0,270.6
CUST_00266,Startup,1764.87,0,1,252.4
CUST_00267,Startup,2511.5,0,1,268.0
CUST_00268,Startup,2149.91,0,3,298.9
CUST_00269,SMB,8154.34,1,5,522.7
CUST_00270,SMB,8303.82,0,5,463.3
CUST_00271,Startup,2161.5,1,3,287.4
CUST_00272,Startup,2007.62,1,2,203.2
CUST_00273,Startup,1852.06,0,1,337.7
CUST_00274,Startup,2162.81,0,3,238.4
CUST_00275,Startup,1674.45,0,3,247.0
CUST_00276,Startup,1799.58,0,3,320.2
CUST_00277,Startup,1931.06,0,3,245.9
CUST_00278,Startup,2052.45,0,2,286.6
CUST_00279,Startup,1703.66,0,1,301.4
CUST_00280,Startup,2292.75,0,1,316.7
CUST_00281,Startup,1915.69,0,1,297.0
CUST_00282,SMB,10426.72,0,2,446.0
CUST_00283,SMB,9021.38,0,5,545.3
CUST_00284,SMB,9015.23,0,3,405.5
CUST_00285,Startup,1731.4,0,3,263.7
CUST_00286,Enterprise,109728.18,0,1,1276.0
CUST_00287,Startup,2786.24,0,2,235.5
CUST_00288,Startup,2084.19,0,5,350.3
CUST_00289,SMB,8333.73,0,3,402.1
CUST_00290,Startup,1987.15,1,4,282.3
CUST_00291,Enterprise,140899.5,0,3,1271.1
CUST_00292,Enterprise,133831.92,0,1,1181.1
CUST_00293,Startup,1818.58,0,2,191.8
CUST_00294,SMB,8651.52,0,0,351.7
CUST_00295,SMB,8598.79,0,6,460.1
CUST_00296,Startup,2122.93,0,2,245.6
CUST_00297,Startup,2088.97,0,6,298.5
CUST_00298,SMB,9809.31,0,3,406.9
CUST_00299,Startup,2255.19,0,1,273.7
CUST_00300,SMB,7092.24,0,7,511.2
CUST_00301,SMB,7182.6,0,6,383.4
CUST_00302,Startup,1715.17,0,0,337.4
CUST_00303,Startup,1900.21,0,0,299.7
CUST_00304,Startup,1629.4,0,6,326.6
CUST_00305,Startup,1787.81,0,6,285.0
CUST_00306,Startup,1970.8,0,0,259.8
CUST_00307,Startup,2364.44,0,2,256.1
CUST_00308,SMB,9334.9,1,11,457.8
CUST_00309,Startup,2149.96,0,3,224.0
CUST_00310,SMB,9118.46,0,3,453.0
CUST_00311,SMB,6941.09,0,5,508.9
CUST_00312,SMB,8404.1,0,5,358.7
CUST_00313,Enterprise,173312.41,0,3,1335.4
CUST_00314,Startup,1669.05,0,4,267.5
CUST_00315,Startup,1757.77,0,6,274.0
CUST_00316,Startup,1731.33,0,1,319.8
CUST_00317,SMB,8253.17,0,3,469.2
CUST_00318,SMB,8343.07,0,2,438.5
CUST_00319,SMB,7340.4,0,2,377.7
CUST_00320,SMB,6297.79,0,3,392.2
CUST_00321,Startup,1769.0,0,1,228.2
CUST_00322,Startup,1886.18,0,2,293.3
CUST_00323,Startup,1424.57,0,3,274.0
CUST_00324,SMB,8349.8,0,3,359.8
CUST_00325,Startup,1644.24,0,5,187.1
CUST_00326,Startup,1916.33,0,5,313.8
CUST_00327,Startup,1918.06,0,2,322.2
CUST_00328,Startup,2078.59,0,3,229.8
CUST_00329,SMB,9476.93,0,3,349.9
CUST_00330,SMB,8441.99,0,6,394.2
CUST_00331,SMB,8116.17,0,4,369.3
CUST_00332,Startup,1891.81,0,0,301.6
CUST_00333,Enterprise,154442.77,0,1,1287.5
CUST_00334,SMB,5912.97,1,3,384.9
CUST_00335,Enterprise,140157.06,0,1,1176.7
CUST_00336,Enterprise,140897.02,0,1,1295.8
CUST_00337,Startup,2351.5,0,0,265.4
CUST_00338,Startup,1820.19,0,4,235.6
CUST_00339,Startup,2016.9,0,2,259.5
CUST_00340,SMB,6446.87,1,4,401.9
CUST_00341,Startup,2366.37,0,3,260.5
CUST_00342,Startup,2205.65,0,1,353.9
CUST_00343,SMB,9533.85,0,1,428.3
CUST_00344,SMB,8091.75,0,8,435.1
CUST_00345,SMB,8876.05,0,2,508.4
CUST_00346,Startup,1508.15,0,3,264.3
CUST_00347,Startup,1671.38,0,2,291.9
CUST_00348,Enterprise,181134.56,0,4,1212.8
CUST_00349,SMB,8635.45,0,7,353.0
CUST_00350,Startup,1841.31,0,3,237.7
CUST_00351,Startup,1981.2,0,2,206.0
CUST_00352,Startup,2036.85,0,6,239.7
CUST_00353,Startup,1934.98,0,0,314.4
CUST_00354,SMB,8466.72,1,4,450.4
CUST_00355,SMB,8148.91,0,3,379.2
CUST_00356,Startup,2077.33,0,6,230.3
CUST_00357,Enterprise,143795.92,0,1,1438.8
CUST_00358,Startup,1440.34,0,3,321.1
CUST_00359,Startup,1824.92,0,1,321.5
CUST_00360,Startup,2370.15,0,4,277.4
CUST_00361,SMB,8410.76,1,3,408.8
CUST_00362,Startup,1253.5,0,4,253.7
CUST_00363,Startup,1711.18,0,2,271.7
CUST_00364,Startup,2214.38,0,4,198.0
CUST_00365,Startup,1913.44,0,2,248.6
CUST_00366,SMB,6797.85,0,3,396.3
CUST_00367,Startup,2045.93,0,6,320.7
CUST_00368,Startup,2411.12,0,6,337.2
CUST_00369,SMB,8151.88,0,6,495.3
CUST_00370,SMB,8672.94,0,1,314.1
CUST_00371,SMB,7905.54,0,8,445.2
CUST_00372,Enterprise,174742.21,0,0,1357.1
CUST_00373,SMB,6706.86,0,3,454.3
CUST_00374,Startup,2448.83,0,1,261.0
CUST_00375,SMB,9048.71,0,1,519.3
CUST_00376,SMB,7626.34,0,3,389.6
CUST_00377,Startup,1427.19,1,1,332.7
CUST_00378,Enterprise,139849.94,0,1,1350.5
CUST_00379,Startup,2012.4,0,4,297.7
CUST_00380,SMB,7900.91,0,5,383.8
CUST_00381,SMB,6014.54,0,3,383.4
CUST_00382,Startup,1127.9,0,2,265.0
CUST_00383,Startup,2398.59,0,1,292.5
CUST_00384,Startup,1758.09,0,1,226.2
CUST_00385,Startup,1971.01,0,2,263.4
CUST_00386,Startup,1699.33,0,5,249.9
CUST_00387,SMB,8481.78,0,4,378.2
CUST_00388,SMB,8605.22,0,6,486.9
CUST_00389,Startup,2343.38,0,5,288.4
CUST_00390,Startup,1714.31,0,2,252.9
CUST_00391,Startup,2270.12,0,5,298.0
CUST_00392,SMB,8917.97,0,5,374.0
CUST_00393,SMB,8283.75,0,3,360.7
CUST_00394,Startup,1937.29,0,0,301.3
CUST_00395,SMB,7814.38,1,4,400.7
CUST_00396,Startup,2065.73,1,4,283.1
CUST_00397,Startup,2058.89,0,2,248.1
CUST_00398,SMB,7002.33,0,7,482.2
CUST_00399,Startup,1735.68,0,2,251.5
CUST_00400,Startup,1728.62,0,2,326.9
CUST_00401,SMB,8231.45,1,4,458.8
CUST_00402,Startup,1725.12,0,0,334.2
CUST_00403,Startup,2351.06,0,2,285.4
CUST_00404,Startup,1354.28,0,2,315.1
CUST_00405,SMB,7372.27,0,8,402.7
CUST_00406,Startup,2502.92,0,1,242.2
CUST_00407,SMB,7083.07,0,8,439.6
CUST_00408,Enterprise,143106.77,0,1,1076.2
CUST_00409,Startup,1983.83,0,1,240.7
CUST_00410,SMB,9180.49,0,3,556.7
CUST_00411,SMB,6907.84,0,8,470.1
CUST_00412,Startup,2150.84,0,1,351.9
CUST_00413,Startup,1887.75,0,4,273.8
CUST_00414,Startup,1323.13,0,1,232.9
CUST_00415,Startup,2128.5,0,1,283.1
CUST_00416,SMB,6749.3,0,4,421.3
CUST_00417,SMB,7786.67,0,4,477.6
CUST_00418,SMB,8172.53,0,4,450.7
CUST_00419,Startup,1749.99,0,2,265.5
CUST_00420,Startup,2024.24,0,5,252.8
CUST_00421,Startup,2258.49,0,1,285.6
CUST_00422,Startup,1933.49,0,2,234.0
CUST_00423,SMB,9202.48,1,6,439.0
CUST_00424,Startup,2167.87,1,5,247.5
CUST_00425,SMB,7325.07,0,3,395.8
CUST_00426,Startup,1929.7,0,1,312.3
CUST_00427,SMB,8425.84,0,9,445.1
CUST_00428,Startup,1596.79,0,2,300.2
CUST_00429,SMB,9400.4,0,3,453.3
CUST_00430,SMB,7612.3,0,2,395.2
CUST_00431,SMB,5070.55,0,3,543.2
CUST_00432,Startup,2037.96,0,3,250.6
CUST_00433,Startup,2052.59,0,0,226.5
CUST_00434,SMB,7545.45,0,2,406.9
CUST_00435,SMB,7282.98,0,5,342.9
CUST_00436,Startup,1665.94,0,1,350.8
CUST_00437,SMB,6989.4,1,6,389.1
CUST_00438,Startup,2148.86,0,3,258.6
CUST_00439,Startup,1730.75,0,4,227.5
CUST_00440,SMB,6472.7,0,5,317.9
CUST_00441,SMB,8434.77,0,2,448.5
CUST_00442,Startup,2383.86,0,3,191.3
CUST_00443,SMB,6998.94,0,8,403.0
CUST_00444,SMB,9142.7,0,4,316.0
CUST_00445,Startup,2361.4,0,4,255.0
CUST_00446,Startup,1921.36,0,3,377.7
CUST_00447,Startup,1447.98,0,0,278.7
CUST_00448,Startup,2192.16,0,1,284.9
CUST_00449,SMB,8852.6,0,3,547.2
CUST_00450,SMB,8229.07,0,7,484.5
CUST_00451,Startup,1811.19,0,4,250.0
CUST_00452,Startup,1553.26,0,2,283.8
CUST_00453,SMB,9336.92,0,2,491.0
CUST_00454,Startup,1967.79,0,7,320.0
CUST_00455,SMB,8336.14,0,4,406.4
CUST_00456,Startup,2234.64,0,2,248.4
CUST_00457,Enterprise,150510.41,0,1,1261.1
CUST_00458,Startup,2228.04,0,1,322.2
CUST_00459,SMB,9194.76,0,4,473.7
CUST_00460,SMB,7165.68,0,5,465.8
CUST_00461,SMB,6491.81,1,3,350.6
CUST_00462,Startup,2077.6,0,4,288.5
CUST_00463,Startup,2044.81,0,3,294.6
CUST_00464,Startup,2296.96,0,2,255.4
CUST_00465,Startup,2360.91,0,3,311.0
CUST_00466,SMB,9029.46,0,3,472.3
CUST_00467,SMB,7796.27,0,4,528.4
CUST_00468,Startup,2027.33,0,4,352.3
CUST_00469,SMB,8473.05,0,4,476.2
CUST_00470,Startup,2021.82,0,3,287.5
CUST_00471,Enterprise,142131.49,0,0,1385.2
CUST_00472,Startup,2127.22,0,3,281.6
CUST_00473,Enterprise,150228.41,0,0,1354.8
CUST_00474,Startup,2064.45,0,3,257.5
CUST_00475,Startup,2149.06,0,3,322.8
CUST_00476,Startup,2268.98,0,3,213.1
CUST_00477,SMB,7629.42,0,0,339.1
CUST_00478,Startup,1785.6,0,1,300.9
CUST_00479,Startup,1964.02,0,3,309.6
CUST_00480,Startup,1824.22,1,2,293.2
CUST_00481,Startup,2375.85,0,5,262.1
CUST_00482,Startup,1936.27,0,4,340.2
CUST_00483,Startup,2086.52,0,0,257.5
CUST_00484,Startup,1573.65,0,2,259.3
CUST_00485,Startup,1680.86,0,1,248.4
CUST_00486,Startup,1468.68,0,4,298.9
CUST_00487,Enterprise,147745.19,0,1,1217.3
CUST_00488,SMB,7615.2,0,1,437.3
CUST_00489,Startup,2054.32,1,3,332.1
CUST_00490,Startup,2470.96,0,4,282.7
CUST_00491,Startup,1744.34,0,2,221.5
CUST_00492,Startup,1846.28,0,3,244.1
CUST_00493,SMB,7143.5,0,2,425.9
CUST_00494,SMB,7617.18,0,4,412.6
CUST_00495,Startup,1986.53,0,2,287.3
CUST_00496,SMB,9181.89,1,4,448.9
CUST_00497,Startup,2371.3,0,1,295.2
CUST_00498,SMB,7218.7,0,6,358.5
CUST_00499,Startup,1901.62,0,0,312.0
CUST_00500,Startup,1667.01,1,2,325.9
CUST_00501,Startup,1839.15,0,0,269.4
CUST_00502,Startup,1681.61,0,3,278.2
CUST_00503,SMB,8319.52,0,3,519.2
CUST_00504,Startup,1926.13,0,6,303.8
CUST_00505,Startup,1927.9,0,5,213.2
CUST_00506,SMB,5803.87,0,9,410.3
CUST_00507,Startup,2235.43,0,1,304.9
CUST_00508,Startup,2500.72,0,3,242.3
CUST_00509,Startup,2089.13,0,3,344.8
CUST_00510,Startup,1973.77,0,4,301.9
CUST_00511,Startup,1921.2,1,0,266.5
CUST_00512,SMB,8960.3,0,7,447.7
CUST_00513,Startup,1828.59,0,1,287.9
CUST_00514,Startup,2113.75,0,4,329.2
CUST_00515,Enterprise,158064.45,0,1,1292.8
CUST_00516,Enterprise,154717.19,0,0,1433.8
CUST_00517,SMB,8630.15,0,7,307.4
CUST_00518,Startup,1817.53,0,3,294.5
CUST_00519,Startup,2437.41,0,4,220.2
CUST_00520,SMB,9116.25,0,4,510.5
CUST_00521,Startup,1843.43,0,3,300.3
CUST_00522,SMB,6024.51,0,4,465.1
CUST_00523,Startup,1376.66,0,0,267.2
CUST_00524,Startup,2493.01,0,2,294.4
CUST_00525,Startup,1589.94,0,1,303.7
CUST_00526,Startup,1785.48,0,1,255.6
CUST_00527,SMB,7015.01,1,2,431.9
CUST_00528,SMB,7920.93,0,2,385.3
CUST_00529,SMB,10169.94,0,3,334.6
CUST_00530,Startup,2065.22,0,6,266.9
CUST_00531,Startup,2486.29,0,2,275.5
CUST_00532,Startup,2262.09,0,2,278.8
CUST_00533,Startup,2057.77,0,1,325.8
CUST_00534,Startup,1968.7,0,1,295.7
CUST_00535,Startup,2037.25,0,6,308.4
CUST_00536,Startup,1881.16,0,4,249.3
CUST_00537,Startup,1951.03,0,1,344.8
CUST_00538,SMB,7636.88,0,3,299.6
CUST_00539,Startup,1877.79,0,0,338.9
CUST_00540,SMB,7941.24,0,6,389.7
CUST_00541,Startup,2050.11,0,3,296.7
CUST_00542,Startup,2178.65,0,1,256.4
CUST_00543,SMB,7019.59,0,7,354.6
CUST_00544,Startup,2343.81,0,3,248.9
CUST_00545,Startup,1956.42,0,1,267.2
CUST_00546,SMB,7392.35,0,6,411.8
CUST_00547,SMB,7756.94,0,2,420.1
CUST_00548,Startup,1983.22,0,6,293.5
CUST_00549,Startup,2116.51,0,2,276.2
CUST_00550,Startup,2025.83,0,4,250.1
CUST_00551,Startup,2003.85,0,3,299.2
CUST_00552,Startup,1882.12,0,2,251.2
CUST_00553,Startup,2137.93,0,4,273.0
CUST_00554,Startup,1708.35,0,0,319.3
CUST_00555,Startup,1970.65,0,1,235.7
CUST_00556,SMB,8395.8,0,9,435.8
CUST_00557,SMB,6258.3,0,3,397.7
CUST_00558,Enterprise,151658.03,0,0,1187.4
CUST_00559,Startup,2148.22,0,1,165.8
CUST_00560,Startup,1952.09,0,1,297.2
CUST_00561,Startup,2013.65,1,3,302.3
CUST_00562,SMB,9988.33,0,5,556.8
CUST_00563,SMB,9868.82,0,6,445.2
CUST_00564,Enterprise,171526.31,0,2,1215.3
CUST_00565,SMB,7410.11,0,2,461.9
CUST_00566,Startup,2049.29,0,4,367.8
CUST_00567,SMB,8233.85,0,3,482.1
CUST_00568,SMB,7619.0,0,6,452.8
CUST_00569,Startup,2585.26,0,1,290.8
CUST_00570,SMB,7867.86,0,3,388.6
CUST_00571,Startup,1603.72,0,5,195.1
CUST_00572,Startup,1862.71,0,3,287.4
CUST_00573,SMB,7860.95,0,2,492.3
CUST_00574,Startup,1830.05,0,2,235.2
CUST_00575,Startup,1776.4,0,2,252.8
CUST_00576,Startup,2088.09,0,2,277.3
CUST_00577,SMB,6862.82,0,6,366.4
CUST_00578,Startup,1483.65,0,3,243.4
CUST_00579,Startup,2509.83,0,5,263.9
CUST_00580,SMB,8422.11,0,7,513.4
CUST_00581,Startup,1985.79,0,2,216.7
CUST_00582,Startup,1925.28,0,3,213.1
CUST_00583,Startup,2194.83,0,3,303.3
CUST_00584,SMB,7403.37,0,2,545.9
CUST_00585,Startup,1477.33,0,3,258.2
CUST_00586,SMB,8078.78,0,5,483.2
CUST_00587,SMB,7392.53,0,6,395.7
CUST_00588,SMB,8839.66,0,4,338.5
CUST_00589,SMB,9080.06,0,6,476.6
CUST_00590,SMB,7874.83,1,4,470.8
CUST_00591,SMB,6941.56,0,3,270.1
CUST_00592,Startup,1979.56,0,4,289.2
CUST_00593,SMB,7238.57,0,4,397.5
CUST_00594,SMB,7197.34,0,6,415.4
CUST_00595,Startup,1936.25,0,1,327.2
CUST_00596,Startup,2144.22,0,1,339.9
CUST_00597,Startup,2037.21,0,0,255.0
CUST_00598,SMB,8095.74,0,4,384.4
CUST_00599,SMB,8747.07,0,4,503.9
CUST_00600,Enterprise,155746.23,0,2,1169.5
CUST_00601,SMB,9867.22,0,5,494.6
CUST_00602,SMB,6605.5,0,2,483.2
CUST_00603,SMB,7154.85,0,4,453.2
CUST_00604,SMB,8881.15,0,4,420.1
CUST_00605,SMB,7194.83,0,5,484.6
CUST_00606,Startup,2094.28,0,3,272.5
CUST_00607,SMB,8657.76,0,3,415.8
CUST_00608,SMB,9358.58,0,3,398.7
CUST_00609,Startup,1853.69,0,4,323.0
CUST_00610,Startup,1984.07,0,4,258.0
CUST_00611,Enterprise,161136.88,0,2,1186.2
CUST_00612,Startup,1687.94,0,4,357.8
CUST_00613,Startup,2111.06,0,1,303.4
CUST_00614,SMB,8232.87,0,2,463.2
CUST_00615,Startup,2434.96,0,3,223.0
CUST_00616,Startup,1731.1,1,4,288.8
CUST_00617,SMB,8852.47,0,6,346.2
CUST_00618,SMB,7403.59,0,3,402.0
CUST_00619,Startup,2008.42,0,3,284.2
CUST_00620,Startup,2062.84,0,5,240.6
CUST_00621,SMB,9364.08,1,9,337.3
CUST_00622,SMB,9635.07,0,2,498.7
CUST_00623,SMB,7654.84,0,7,449.4
CUST_00624,Startup,1830.9,1,0,296.6
CUST_00625,Startup,1648.64,0,0,371.0
CUST_00626,SMB,9654.75,0,5,384.8
CUST_00627,Startup,2328.82,0,4,297.0
CUST_00628,Startup,2156.97,0,6,231.2
CUST_00629,Enterprise,159559.87,0,0,1411.6
CUST_00630,SMB,6383.29,0,5,406.2
CUST_00631,Startup,1760.11,0,3,270.1
CUST_00632,Startup,2215.53,0,2,273.7
CUST_00633,Startup,2195.69,0,3,214.7
CUST_00634,Startup,2279.38,0,2,309.3
CUST_00635,SMB,6825.93,0,4,372.7
CUST_00636,SMB,7347.79,0,3,323.7
CUST_00637,Startup,2285.39,0,3,301.1
CUST_00638,SMB,6503.99,0,9,477.6
CUST_00639,SMB,7391.65,0,4,455.6
CUST_00640,SMB,10388.37,0,2,491.1
CUST_00641,Enterprise,160842.4,0,1,1261.2
CUST_00642,SMB,5967.0,0,4,546.7
CUST_00643,SMB,8406.73,0,5,362.3
CUST_00644,SMB,6634.98,0,6,462.1
CUST_00645,SMB,7131.74,0,3,425.9
CUST_00646,Startup,2175.4,0,2,265.2
CUST_00647,Startup,2355.28,0,4,256.4
CUST_00648,Startup,2078.35,0,2,320.9
CUST_00649,Startup,1878.73,0,7,290.6
CUST_00650,Startup,1671.42,0,3,152.9
CUST_00651,SMB,6494.7,0,3,445.1
CUST_00652,Startup,1965.61,0,2,290.6
CUST_00653,Startup,2145.86,0,3,202.0
CUST_00654,Startup,1741.85,0,3,247.6
CUST_00655,SMB,9427.31,0,3,394.8
CUST_00656,SMB,7644.88,0,4,444.9
CUST_00657,SMB,7971.2,1,6,340.3
CUST_00658,SMB,9006.6,0,2,496.9
CUST_00659,Startup,2015.16,0,1,339.6
CUST_00660,Startup,2405.26,0,1,253.9
CUST_00661,SMB,7801.52,0,4,367.1
CUST_00662,Startup,2088.8,0,5,295.7
CUST_00663,Startup,2261.22,0,2,318.0
CUST_00664,SMB,7312.99,0,3,339.0
CUST_00665,SMB,7465.76,0,4,429.1
CUST_00666,SMB,8868.66,0,2,319.0
CUST_00667,SMB,8584.13,0,3,456.8
CUST_00668,SMB,7147.61,0,3,448.5
CUST_00669,SMB,8749.58,0,3,409.6
CUST_00670,SMB,7430.55,0,4,412.6
CUST_00671,SMB,7608.12,0,4,358.9
CUST_00672,Startup,2080.35,0,6,247.1
CUST_00673,SMB,9062.66,0,8,397.5
CUST_00674,Startup,2134.22,0,1,260.0
CUST_00675,SMB,7497.88,1,6,359.6
CUST_00676,Startup,1944.84,0,3,287.5
CUST_00677,SMB,8982.68,0,5,336.0
CUST_00678,SMB,9023.78,0,8,395.8
CUST_00679,Startup,1659.72,0,5,273.9
CUST_00680,Startup,1718.16,0,4,324.8
CUST_00681,Startup,1558.39,0,4,225.0
CUST_00682,SMB,8286.77,0,2,411.2
CUST_00683,SMB,8192.6,0,2,563.5
CUST_00684,Startup,1965.56,0,0,302.7
CUST_00685,Startup,2213.42,0,2,404.5
CUST_00686,Startup,1461.31,0,4,266.8
CUST_00687,Startup,2479.5,1,1,309.3
CUST_00688,SMB,8787.32,0,4,427.8
CUST_00689,Startup,1521.81,0,3,271.6
CUST_00690,SMB,9288.08,0,4,420.9
CUST_00691,SMB,8731.0,0,3,452.3
CUST_00692,SMB,7742.81,0,4,323.2
CUST_00693,Startup,2452.4,0,3,259.2
CUST_00694,SMB,9121.86,0,3,408.8
CUST_00695,SMB,7674.27,0,3,464.4
CUST_00696,Startup,1908.44,0,4,321.9
CUST_00697,SMB,7979.44,1,5,437.4
CUST_00698,Startup,2476.49,0,5,306.1
CUST_00699,SMB,8084.47,0,2,355.8
CUST_00700,Startup,2286.89,0,1,373.0
CUST_00701,Startup,2361.38,0,3,287.3
CUST_00702,SMB,6608.04,1,6,522.2
CUST_00703,SMB,7233.14,0,8,424.1
CUST_00704,SMB,6926.31,0,2,424.9
CUST_00705,SMB,7960.11,0,5,335.7
CUST_00706,Startup,1902.45,1,2,242.5
CUST_00707,SMB,7949.54,1,6,370.2
CUST_00708,Startup,2156.15,0,5,297.0
CUST_00709,SMB,7307.65,0,3,380.5
CUST_00710,Startup,1872.53,0,3,322.3
CUST_00711,Startup,1962.71,0,3,271.5
CUST_00712,Startup,1988.23,0,2,209.8
CUST_00713,Startup,1420.74,0,1,253.0
CUST_00714,SMB,8794.6,0,3,478.4
CUST_00715,SMB,7007.96,0,4,386.8
CUST_00716,Startup,2466.14,1,2,200.2
CUST_00717,Startup,2138.02,0,5,289.1
CUST_00718,Startup,1724.61,0,0,349.2
CUST_00719,SMB,8556.02,0,5,384.5
CUST_00720,Startup,2079.17,0,4,273.8
CUST_00721,Startup,2217.31,0,3,282.4
CUST_00722,SMB,8290.96,0,4,389.6
CUST_00723,SMB,10935.66,0,6,355.6
CUST_00724,Startup,2092.35,0,3,362.7
CUST_00725,Startup,2474.44,0,3,267.6
CUST_00726,Startup,2245.81,0,2,297.0
CUST_00727,SMB,7533.24,0,3,331.0
CUST_00728,Startup,1407.6,0,4,250.0
CUST_00729,SMB,7637.21,0,2,367.9
CUST_00730,SMB,8361.03,0,6,478.1
CUST_00731,SMB,8609.83,1,7,295.2
CUST_00732,Startup,1818.45,0,3,316.4
CUST_00733,Startup,2604.11,0,1,302.5
CUST_00734,Startup,2257.37,0,1,302.1
CUST_00735,SMB,6499.53,0,5,399.2
CUST_00736,Startup,1802.99,0,4,269.6
CUST_00737,SMB,8223.28,0,0,348.1
CUST_00738,Startup,2325.26,0,2,288.4
CUST_00739,SMB,8475.59,0,1,315.2
CUST_00740,SMB,9225.47,0,4,409.0
CUST_00741,Startup,2273.55,0,4,253.2
CUST_00742,SMB,8336.54,0,5,474.9
CUST_00743,Startup,1917.56,0,7,192.0
CUST_00744,Startup,1751.27,0,3,215.8
CUST_00745,SMB,8061.88,1,3,364.3
CUST_00746,Startup,2192.8,0,3,312.2
CUST_00747,SMB,6903.78,0,9,415.9
CUST_00748,Startup,2197.91,0,2,237.1
CUST_00749,Startup,1880.01,0,3,238.8
CUST_00750,Startup,1600.79,0,1,192.9
CUST_00751,SMB,9092.1,0,5,331.4
CUST_00752,Startup,1432.17,0,3,292.5
CUST_00753,Startup,2062.42,0,3,251.1
CUST_00754,SMB,7235.81,0,5,472.6
CUST_00755,SMB,7020.24,0,7,396.2
CUST_00756,Startup,1768.64,0,1,209.0
CUST_00757,Startup,1605.75,1,4,311.7
CUST_00758,Startup,1790.72,0,5,241.8
CUST_00759,Startup,2095.99,0,0,223.7
CUST_00760,Startup,2511.38,0,2,235.7
CUST_00761,SMB,6963.69,0,7,407.8
CUST_00762,SMB,8085.96,0,3,384.8
CUST_00763,SMB,7830.15,0,0,518.2
CUST_00764,Startup,1855.31,0,6,324.0
CUST_00765,Enterprise,139328.07,0,1,1211.6
CUST_00766,Startup,1576.62,0,0,274.5
CUST_00767,Startup,2362.4,0,3,190.2
CUST_00768,Startup,2049.62,0,4,224.7
CUST_00769,SMB,7772.89,0,5,411.5
CUST_00770,Startup,2132.49,0,3,263.3
CUST_00771,SMB,7254.06,0,5,380.3
CUST_00772,Startup,1934.11,0,6,254.2
CUST_00773,SMB,7971.45,0,6,427.1
CUST_00774,SMB,9698.29,0,5,281.1
CUST_00775,Startup,1980.93,0,4,222.0
CUST_00776,SMB,7375.49,0,7,464.8
CUST_00777,SMB,6782.52,0,3,419.5
CUST_00778,Startup,1595.55,0,5,280.6
CUST_00779,Startup,2656.55,1,3,270.7
CUST_00780,Startup,1773.84,0,2,295.3
CUST_00781,Startup,2122.83,1,3,268.9
CUST_00782,Startup,2145.85,0,3,267.0
CUST_00783,SMB,8898.67,0,4,422.3
CUST_00784,SMB,9038.61,0,2,425.6
CUST_00785,SMB,8390.37,0,6,410.8
CUST_00786,Startup,1756.73,0,2,294.7
CUST_00787,Startup,2045.42,0,2,291.9
CUST_00788,SMB,7660.24,0,6,433.9
CUST_00789,Startup,1817.73,0,2,342.7
CUST_00790,Startup,1960.72,0,3,325.1
CUST_00791,SMB,7609.08,0,5,434.5
CUST_00792,Startup,2208.18,0,5,308.7
CUST_00793,Startup,2385.21,0,2,138.4
CUST_00794,Startup,1955.32,0,1,300.3
CUST_00795,Enterprise,141537.06,0,2,1100.6
CUST_00796,Startup,2020.51,0,6,210.1
CUST_00797,Startup,1880.03,0,4,250.2
CUST_00798,Startup,1992.35,1,3,271.3
CUST_00799,Startup,2112.15,0,3,314.1
CUST_00800,Startup,2257.02,0,5,295.9
CUST_00801,Startup,1811.77,1,3,282.9
CUST_00802,SMB,7552.04,0,4,347.1
CUST_00803,Startup,2306.85,0,2,272.4
CUST_00804,Startup,1811.56,0,3,284.0
CUST_00805,SMB,8115.44,0,2,416.7
CUST_00806,Startup,1626.57,0,2,278.9
CUST_00807,Startup,1729.19,0,2,293.6
CUST_00808,Startup,2289.96,1,3,252.9
CUST_00809,Startup,2032.16,0,3,267.2
CUST_00810,SMB,7609.36,0,4,431.0
CUST_00811,Startup,1344.65,0,0,290.9
CUST_00812,Startup,2254.74,0,5,229.0
CUST_00813,SMB,6374.46,0,3,269.6
CUST_00814,Startup,1623.01,0,5,286.7
CUST_00815,Startup,2353.16,0,3,285.5
CUST_00816,Startup,2087.66,0,1,306.9
CUST_00817,Startup,1269.41,0,1,307.4
CUST_00818,SMB,9834.2,0,4,455.9
CUST_00819,SMB,6235.55,1,4,437.5
CUST_00820,SMB,8672.63,0,4,526.2
CUST_00821,Startup,1563.02,0,3,354.6
CUST_00822,Enterprise,136178.23,0,1,1193.5
CUST_00823,SMB,7093.19,0,3,514.3
CUST_00824,SMB,9243.41,0,3,493.7
CUST_00825,Startup,1952.4,0,1,288.7
CUST_00826,Startup,1809.34,0,4,288.3
CUST_00827,SMB,7182.59,0,7,439.3
CUST_00828,SMB,7857.13,0,7,318.7
CUST_00829,Startup,2011.26,0,2,323.7
CUST_00830,Startup,1954.41,0,1,322.4
CUST_00831,SMB,5436.05,0,5,414.1
CUST_00832,Startup,2239.36,0,1,205.1
CUST_00833,SMB,7601.49,0,3,449.2
CUST_00834,SMB,8644.12,0,5,424.9
CUST_00835,Startup,2076.11,0,2,244.1
CUST_00836,SMB,7842.16,0,7,387.8
CUST_00837,Startup,2000.33,0,4,218.2
CUST_00838,SMB,8136.6,0,2,421.5
CUST_00839,Startup,2159.27,0,4,314.3
CUST_00840,Startup,2010.47,0,3,225.0
CUST_00841,Enterprise,150037.53,0,1,1430.9
CUST_00842,Startup,2205.76,0,1,193.9
CUST_00843,SMB,8292.95,0,4,347.9
CUST_00844,Startup,2028.28,0,3,238.5
CUST_00845,SMB,8434.94,0,4,396.4
CUST_00846,SMB,7001.69,0,5,451.1
CUST_00847,SMB,7335.56,0,5,358.4
CUST_00848,Startup,1982.38,0,3,297.9
CUST_00849,Startup,2237.22,0,6,292.2
CUST_00850,Startup,1966.76,0,0,268.3
CUST_00851,SMB,7956.47,0,4,395.1
CUST_00852,Startup,1815.21,0,1,239.1
CUST_00853,SMB,8820.23,0,3,469.0
CUST_00854,Startup,2388.75,0,3,302.7
CUST_00855,SMB,7636.87,0,7,471.3
CUST_00856,SMB,10321.0,0,4,456.2
CUST_00857,Enterprise,144880.35,0,2,1303.5
CUST_00858,Startup,1678.38,0,4,332.1
CUST_00859,Startup,2016.51,0,2,260.9
CUST_00860,SMB,6703.17,0,4,380.6
CUST_00861,Startup,2010.12,0,0,292.1
CUST_00862,Startup,2119.53,0,1,289.8
CUST_00863,Startup,2021.65,0,1,309.5
CUST_00864,SMB,8706.23,0,3,433.7
CUST_00865,SMB,7104.65,0,5,483.8
CUST_00866,Startup,1771.44,0,2,295.4
CUST_00867,SMB,8462.26,1,6,346.0
CUST_00868,SMB,8032.25,0,3,529.0
CUST_00869,Startup,2326.97,0,2,257.2
CUST_00870,Startup,1995.03,0,1,307.3
CUST_00871,SMB,9327.62,0,3,552.6
CUST_00872,SMB,7226.97,1,3,367.8
CUST_00873,Startup,2094.82,0,1,257.4
CUST_00874,SMB,7841.46,0,6,364.9
CUST_00875,Enterprise,173691.57,0,2,1188.8
CUST_00876,SMB,7116.0,0,4,427.9
CUST_00877,Startup,2477.42,0,3,315.1
CUST_00878,Startup,2394.69,0,2,274.2
CUST_00879,Enterprise,164720.76,0,1,1316.9
CUST_00880,SMB,6569.17,0,1,391.4
CUST_00881,SMB,6524.59,0,3,481.4
CUST_00882,Startup,2687.57,0,2,354.7
CUST_00883,Enterprise,149050.89,0,1,1184.0
CUST_00884,SMB,7496.16,0,3,453.6
CUST_00885,Startup,1920.33,0,5,334.8
CUST_00886,SMB,7275.23,0,2,367.5
CUST_00887,Startup,1863.05,0,3,331.4
CUST_00888,SMB,7244.05,1,4,441.6
CUST_00889,SMB,7395.09,0,4,449.9
CUST_00890,SMB,10637.88,0,5,438.1
CUST_00891,Startup,2103.16,0,3,240.5
CUST_00892,Startup,1819.88,0,3,285.6
CUST_00893,Startup,1767.66,0,1,264.5
CUST_00894,SMB,8910.22,0,4,409.0
CUST_00895,Startup,2034.04,0,2,287.4
CUST_00896,SMB,6959.8,0,7,461.9
CUST_00897,SMB,7277.11,0,3,399.0
CUST_00898,Startup,2287.64,0,4,325.1
CUST_00899,Enterprise,148973.3,0,1,1252.9
CUST_00900,SMB,8690.63,0,8,354.8
CUST_00901,SMB,9195.98,0,5,399.3
CUST_00902,Enterprise,148281.61,0,1,1258.4
CUST_00903,SMB,7567.96,1,3,528.5
CUST_00904,Startup,1956.9,0,4,273.4
CUST_00905,SMB,10779.96,0,4,357.7
CUST_00906,Startup,1376.86,0,4,270.6
CUST_00907,Startup,1846.22,0,3,307.3
CUST_00908,SMB,7632.3,1,7,392.4
CUST_00909,SMB,8357.66,0,3,423.9
CUST_00910,SMB,9257.1,0,3,440.2
CUST_00911,Startup,1992.68,0,5,223.1
CUST_00912,SMB,8972.91,0,4,364.5
CUST_00913,Startup,1612.72,1,3,316.9
CUST_00914,SMB,8521.45,0,3,500.2
CUST_00915,Startup,2013.45,0,2,301.3
CUST_00916,SMB,8493.52,1,5,411.7
CUST_00917,SMB,7449.41,0,5,450.6
CUST_00918,Startup,1302.09,0,0,265.7
CUST_00919,Startup,1811.33,0,4,353.2
CUST_00920,SMB,7025.71,0,1,373.1
CUST_00921,Startup,1770.19,0,5,261.5
CUST_00922,Startup,1844.07,0,3,230.2
CUST_00923,Startup,1885.77,0,3,229.2
CUST_00924,Startup,1954.25,0,2,266.2
CUST_00925,SMB,5928.82,0,5,479.6
CUST_00926,Enterprise,160398.26,0,0,1047.2
CUST_00927,SMB,8703.14,0,5,569.9
CUST_00928,Startup,2161.82,0,2,328.9
CUST_00929,Startup,1476.63,0,6,243.1
CUST_00930,SMB,6731.31,0,4,527.2
CUST_00931,SMB,8568.18,1,2,378.2
CUST_00932,Startup,2391.62,0,1,216.8
CUST_00933,Startup,2043.63,0,4,251.9
CUST_00934,Startup,1889.41,0,2,312.3
CUST_00935,SMB,8019.6,0,2,371.9
CUST_00936,SMB,8578.93,0,4,447.6
CUST_00937,Enterprise,135735.7,0,0,1319.6
CUST_00938,Startup,1845.02,0,3,239.1
CUST_00939,SMB,6446.11,0,6,514.0
CUST_00940,Startup,1785.43,0,3,276.1
CUST_00941,SMB,8685.29,0,9,504.1
CUST_00942,Startup,2150.98,0,1,278.6
CUST_00943,Startup,2642.9,0,0,261.2
CUST_00944,Startup,2047.63,0,2,326.2
CUST_00945,SMB,7712.09,0,6,434.7
CUST_00946,Enterprise,146763.19,0,2,1132.2
CUST_00947,SMB,7495.7,0,5,383.5
CUST_00948,Startup,2134.18,0,1,279.7
CUST_00949,Startup,1763.85,0,7,288.1
CUST_00950,Startup,2040.85,0,2,308.2
CUST_00951,Startup,2018.31,0,4,215.1
CUST_00952,Startup,2454.41,0,2,296.4
CUST_00953,SMB,7293.87,0,2,398.9
CUST_00954,Startup,1798.6,0,3,285.4
CUST_00955,SMB,6900.96,0,3,527.8
CUST_00956,SMB,8622.93,0,3,528.6
CUST_00957,Startup,1836.47,0,2,352.7
CUST_00958,Enterprise,148330.22,0,1,1279.9
CUST_00959,SMB,7593.91,0,1,324.7
CUST_00960,Startup,1784.0,0,3,243.0
CUST_00961,SMB,9315.09,0,0,497.1
CUST_00962,Startup,2043.13,0,2,276.6
CUST_00963,SMB,6426.37,0,4,424.9
CUST_00964,SMB,6749.69,0,4,432.6
CUST_00965,SMB,8774.58,0,5,430.7
CUST_00966,SMB,9191.09,0,4,411.2
CUST_00967,Startup,2438.68,0,2,268.4
CUST_00968,SMB,9434.31,0,5,437.1
CUST_00969,Startup,2310.23,0,4,303.7
CUST_00970,Startup,2076.29,0,2,251.9
CUST_00971,Startup,2421.71,0,4,299.4
CUST_00972,Startup,2247.34,0,2,283.3
CUST_00973,Startup,1546.31,0,1,248.1
CUST_00974,SMB,7045.38,0,4,451.1
CUST_00975,Enterprise,120876.48,0,2,1011.5
CUST_00976,SMB,8819.74,0,6,408.3
CUST_00977,Startup,1990.39,0,3,281.3
CUST_00978,SMB,7784.65,0,5,479.6
CUST_00979,Startup,2360.58,1,3,280.4
CUST_00980,Startup,2335.45,0,0,327.9
CUST_00981,SMB,6378.99,0,7,378.1
CUST_00982,Startup,1294.86,0,2,346.9
CUST_00983,SMB,7624.37,0,4,341.7
CUST_00984,SMB,6035.46,1,5,331.1
CUST_00985,Startup,1997.82,0,0,234.9
CUST_00986,Startup,1740.84,0,2,263.1
CUST_00987,Startup,1854.51,0,3,298.5
CUST_00988,SMB,7363.78,0,2,386.1
CUST_00989,SMB,10441.22,0,6,446.2
CUST_00990,Startup,2009.64,0,1,211.0
CUST_00991,Startup,2255.06,0,7,304.9
CUST_00992,Startup,2328.44,0,4,247.8
CUST_00993,SMB,6652.75,0,6,366.1
CUST_00994,Startup,2054.09,0,2,247.4
CUST_00995,SMB,9010.84,0,2,631.7
CUST_00996,SMB,6755.51,0,4,447.0
CUST_00997,Startup,1987.61,1,3,221.0
CUST_00998,SMB,8572.13,0,3,455.8
CUST_00999,Startup,1367.05,0,2,333.6
CUST_01000,SMB,7313.46,0,7,489.8
