customer_id,days_as_customer,total_transactions,total_spent,days_since_last_purchase,transactions_per_month,avg_spend_per_transaction,lifetime_value_per_month,engagement_bin_equal,spend_tier_quantile,recency_score,frequency_score,monetary_score,rfm_score
1001,890,99,8479.32,175,3.34,85.65,285.82,medium,tier_4,3,5,5,13
1002,1074,54,9146.65,239,1.51,169.38,255.49,low,tier_4,2,3,5,10
1003,151,98,8146.97,260,19.47,83.13,1618.6,high,tier_4,2,5,5,12
1004,496,55,1133.74,163,3.33,20.61,68.57,medium,tier_1,3,3,1,7
1005,360,111,1532.47,48,9.25,13.81,127.71,medium,tier_1,5,5,1,11
1006,117,24,5289.91,329,6.15,220.41,1356.39,medium,tier_3,1,1,3,5
1007,901,118,2498.39,328,3.93,21.17,83.19,medium,tier_2,1,5,2,8
1008,160,22,4793.12,116,4.12,217.87,898.71,medium,tier_2,4,1,3,8
1009,799,69,3973.93,337,2.59,57.59,149.21,medium,tier_2,1,3,3,7
1010,373,56,5516.67,337,4.5,98.51,443.7,medium,tier_3,1,3,3,7
1011,835,33,7481.41,225,1.19,226.71,268.79,low,tier_4,2,2,4,8
1012,415,36,7169.13,352,2.6,199.14,518.25,medium,tier_3,1,2,4,7
1013,985,111,5236.28,328,3.38,47.17,159.48,medium,tier_3,1,5,3,9
1014,306,20,8232.81,147,1.96,411.64,807.14,low,tier_4,3,1,5,9
1015,489,83,4337.08,63,5.09,52.25,266.08,medium,tier_2,5,4,3,12
1016,51,99,8972.31,294,58.24,90.63,5277.83,high,tier_4,1,5,5,11
1017,282,116,759.24,323,12.34,6.55,80.77,high,tier_1,1,5,1,7
1018,777,107,9548.87,325,4.13,89.24,368.68,medium,tier_4,1,5,5,11
1019,886,81,6564.2,13,2.74,81.04,222.26,medium,tier_3,5,4,4,13
1020,504,62,3831.74,189,3.69,61.8,228.08,medium,tier_2,3,3,2,8
1021,540,109,2011.68,287,6.06,18.46,111.76,medium,tier_1,2,5,2,9
1022,729,107,4817.87,208,4.4,45.03,198.27,medium,tier_2,3,5,3,11
1023,1005,98,1985.86,114,2.93,20.26,59.28,medium,tier_1,4,5,2,11
1024,219,73,1705.0,22,10.0,23.36,233.56,medium,tier_1,5,3,1,9
1025,987,26,6192.65,349,0.79,238.18,188.23,low,tier_3,1,2,4,7
1026,716,66,5254.69,214,2.77,79.62,220.17,medium,tier_3,3,3,3,9
1027,987,117,6717.46,171,3.56,57.41,204.18,medium,tier_3,3,5,4,12
1028,592,73,9299.58,323,3.7,127.39,471.26,medium,tier_4,1,3,5,9
1029,861,73,5345.99,54,2.54,73.23,186.27,medium,tier_3,5,4,3,12
1030,676,40,5830.27,298,1.78,145.76,258.74,low,tier_3,1,2,3,6
1031,50,17,941.78,320,10.2,55.4,565.07,high,tier_1,1,1,1,3
1032,870,1,7190.48,126,0.03,7190.48,247.95,low,tier_3,4,1,4,9
1033,196,89,4029.06,277,13.62,45.27,616.69,high,tier_2,2,4,3,9
1034,417,61,9768.42,204,4.39,160.14,702.76,medium,tier_4,3,3,5,11
1035,630,43,8240.58,194,2.05,191.64,392.41,medium,tier_4,3,2,5,10
1036,345,104,5248.69,169,9.04,50.47,456.41,medium,tier_3,3,5,3,11
1037,43,42,1276.07,152,29.3,30.38,890.28,high,tier_1,3,2,1,6
1038,271,25,8601.19,35,2.77,344.05,952.16,medium,tier_4,5,1,5,11
1039,806,39,8007.82,184,1.45,205.33,298.06,low,tier_4,3,2,5,10
1040,594,35,1886.62,286,1.77,53.9,95.28,low,tier_1,2,2,1,5
1041,927,3,2988.02,57,0.1,996.01,96.7,low,tier_2,5,1,2,8
1042,121,114,7944.4,222,28.26,69.69,1969.69,high,tier_4,2,5,5,12
1043,985,101,1893.02,303,3.08,18.74,57.66,medium,tier_1,1,5,2,8
1044,538,108,9181.64,163,6.02,85.02,511.99,medium,tier_4,3,5,5,13
1045,805,44,4274.05,19,1.64,97.14,159.28,low,tier_2,5,2,3,10
1046,64,51,916.04,264,23.91,17.96,429.39,high,tier_1,2,3,1,6
1047,235,94,8166.7,282,12.0,86.88,1042.56,high,tier_4,2,4,5,11
1048,1055,102,3766.42,113,2.9,36.93,107.1,medium,tier_2,4,5,2,11
1049,1051,98,5288.67,327,2.8,53.97,150.96,medium,tier_3,1,5,3,9
1050,595,12,1167.43,30,0.61,97.29,58.86,low,tier_1,5,1,1,7
1051,732,19,75.71,135,0.78,3.98,3.1,low,tier_1,4,1,1,6
1052,431,101,6397.95,67,7.03,63.35,445.33,medium,tier_3,5,5,4,14
1053,759,44,5175.99,65,1.74,117.64,204.58,low,tier_3,5,2,3,10
1054,191,59,5955.71,292,9.27,100.94,935.45,medium,tier_3,2,3,3,8
1055,231,49,7947.75,25,6.36,162.2,1032.18,medium,tier_4,5,3,5,13
1056,1025,61,6483.73,37,1.79,106.29,189.77,low,tier_3,5,3,4,12
1057,299,17,1789.0,1,1.71,105.24,179.5,low,tier_1,5,1,1,7
1058,845,74,3639.69,37,2.63,49.18,129.22,medium,tier_2,5,4,2,11
1059,485,57,9063.62,141,3.53,159.01,560.64,medium,tier_4,3,3,5,11
1060,1046,55,7710.95,232,1.58,140.2,221.16,low,tier_4,2,3,4,9
1061,325,113,5588.54,136,10.43,49.46,515.87,high,tier_3,4,5,3,12
1062,749,47,2593.67,188,1.88,55.18,103.89,low,tier_2,3,2,2,7
1063,367,12,3055.5,128,0.98,254.62,249.77,low,tier_2,4,1,2,7
1064,908,62,7332.98,201,2.05,118.27,242.28,medium,tier_3,3,3,4,10
1065,821,80,8519.18,127,2.92,106.49,311.3,medium,tier_4,4,4,5,13
1066,246,88,6730.68,257,10.73,76.48,820.81,high,tier_3,2,4,4,10
1067,793,83,8104.82,164,3.14,97.65,306.61,medium,tier_4,3,4,5,12
1068,217,8,7678.23,35,1.11,959.78,1061.51,low,tier_4,5,1,4,10
1069,409,95,1539.55,194,6.97,16.21,112.93,medium,tier_1,3,4,1,8
1070,522,21,4268.25,191,1.21,203.25,245.3,low,tier_2,3,1,3,7
1071,1094,81,1572.19,104,2.22,19.41,43.11,medium,tier_1,4,4,1,9
1072,44,87,2390.59,23,59.32,27.48,1629.95,high,tier_2,5,4,2,11
1073,94,101,8699.13,265,32.23,86.13,2776.32,high,tier_4,2,5,5,12
1074,550,118,4755.28,290,6.44,40.3,259.38,medium,tier_2,2,5,3,10
1075,677,80,5376.81,260,3.55,67.21,238.26,medium,tier_3,2,4,3,9
1076,622,70,1825.54,358,3.38,26.08,88.05,medium,tier_1,1,3,1,5
1077,421,72,3157.1,75,5.13,43.85,224.97,medium,tier_2,4,3,2,9
1078,448,25,2340.95,355,1.67,93.64,156.76,low,tier_1,1,2,2,5
1079,318,82,2101.55,72,7.74,25.63,198.26,medium,tier_1,4,4,2,10
1080,408,89,6397.71,259,6.54,71.88,470.42,medium,tier_3,2,4,4,10
1081,260,12,2605.99,188,1.38,217.17,300.69,low,tier_2,3,1,2,6
1082,1047,15,6338.55,173,0.43,422.57,181.62,low,tier_3,3,1,4,8
1083,70,59,631.62,290,25.29,10.71,270.69,high,tier_1,2,3,1,6
1084,1081,26,1460.66,45,0.72,56.18,40.54,low,tier_1,5,2,1,8
1085,164,105,2781.68,61,19.21,26.49,508.84,high,tier_2,5,5,2,12
1086,230,109,5990.62,83,14.22,54.96,781.39,high,tier_3,4,5,4,13
1087,809,26,6774.62,123,0.96,260.56,251.22,low,tier_3,4,2,4,10
1088,959,47,4455.03,358,1.47,94.79,139.36,low,tier_2,1,2,3,6
1089,1086,32,4485.62,16,0.88,140.18,123.91,low,tier_2,5,2,3,10
1090,532,10,7258.94,66,0.56,725.89,409.34,low,tier_3,5,1,4,10
1091,436,16,207.42,145,1.1,12.96,14.27,low,tier_1,3,1,1,5
1092,834,71,3443.85,162,2.55,48.5,123.88,medium,tier_2,3,3,2,8
1093,128,17,8196.14,234,3.98,482.13,1920.97,medium,tier_4,2,1,5,8
1094,713,23,6052.03,144,0.97,263.13,254.64,low,tier_3,3,1,4,8
1095,755,26,3405.41,358,1.03,130.98,135.31,low,tier_2,1,2,2,5
1096,990,85,9059.97,188,2.58,106.59,274.54,medium,tier_4,3,4,5,12
1097,642,86,7737.6,322,4.02,89.97,361.57,medium,tier_4,1,4,4,9
1098,672,7,2685.71,13,0.31,383.67,119.9,low,tier_2,5,1,2,8
1099,1058,14,6470.63,184,0.4,462.19,183.48,low,tier_3,3,1,4,8
1100,532,79,5977.72,111,4.45,75.67,337.09,medium,tier_3,4,4,4,12
1101,796,117,4041.82,290,4.41,34.55,152.33,medium,tier_2,2,5,3,10
1102,427,7,3701.21,295,0.49,528.74,260.04,low,tier_2,1,1,2,4
1103,900,9,3468.43,215,0.3,385.38,115.61,low,tier_2,2,1,2,5
1104,824,115,6190.7,120,4.19,53.83,225.39,medium,tier_3,4,5,4,13
1105,422,48,4451.98,55,3.41,92.75,316.49,medium,tier_2,5,2,3,10
1106,236,72,8327.04,27,9.15,115.65,1058.52,medium,tier_4,5,3,5,13
1107,1068,114,6712.55,118,3.2,58.88,188.55,medium,tier_3,4,5,4,13
1108,921,59,745.82,221,1.92,12.64,24.29,low,tier_1,2,3,1,6
1109,893,87,6419.67,231,2.92,73.79,215.67,medium,tier_3,2,4,4,10
1110,772,93,2747.92,53,3.61,29.55,106.78,medium,tier_2,5,4,2,11
1111,593,82,5948.48,295,4.15,72.54,300.93,medium,tier_3,1,4,3,8
1112,1050,95,6817.31,321,2.71,71.76,194.78,medium,tier_3,1,4,4,9
1113,125,94,2346.75,233,22.56,24.97,563.22,high,tier_1,2,4,2,8
1114,514,116,4595.74,158,6.77,39.62,268.23,medium,tier_2,3,5,3,11
1115,260,39,1943.73,269,4.5,49.84,224.28,medium,tier_1,2,2,2,6
1116,778,99,570.77,21,3.82,5.77,22.01,medium,tier_1,5,5,1,11
1117,570,18,3815.84,53,0.95,211.99,200.83,low,tier_2,5,1,2,8
1118,1089,59,3661.3,275,1.63,62.06,100.86,low,tier_2,2,3,2,7
1119,554,106,9955.03,313,5.74,93.92,539.08,medium,tier_4,1,5,5,11
1120,607,103,4491.21,281,5.09,43.6,221.97,medium,tier_2,2,5,3,10
1121,711,17,3369.02,214,0.72,198.18,142.15,low,tier_2,3,1,2,6
1122,586,14,5825.73,31,0.72,416.12,298.25,low,tier_3,5,1,3,9
1123,1042,31,933.24,337,0.89,30.1,26.87,low,tier_1,1,2,1,4
1124,675,24,9618.57,183,1.07,400.77,427.49,low,tier_4,3,1,5,9
1125,825,99,6367.85,23,3.6,64.32,231.56,medium,tier_3,5,5,4,14
1126,1081,108,7560.64,32,3.0,70.01,209.82,medium,tier_4,5,5,4,14
1127,219,60,1746.26,74,8.22,29.1,239.21,medium,tier_1,4,3,1,8
1128,662,45,4124.3,10,2.04,91.65,186.9,medium,tier_2,5,2,3,10
1129,657,98,4255.76,54,4.47,43.43,194.33,medium,tier_2,5,5,3,13
1130,1002,3,8226.97,52,0.09,2742.32,246.32,low,tier_4,5,1,5,11
1131,739,37,62.3,148,1.5,1.68,2.53,low,tier_1,3,2,1,6
1132,678,43,3043.49,160,1.9,70.78,134.67,low,tier_2,3,2,2,7
1133,347,40,9813.3,14,3.46,245.33,848.41,medium,tier_4,5,2,5,12
1134,713,90,4775.12,178,3.79,53.06,200.92,medium,tier_2,3,4,3,10
1135,693,55,3856.14,53,2.38,70.11,166.93,medium,tier_2,5,3,2,10
1136,471,87,1242.3,335,5.54,14.28,79.13,medium,tier_1,1,4,1,6
1137,593,108,9742.94,22,5.46,90.21,492.9,medium,tier_4,5,5,5,15
1138,981,39,249.26,30,1.19,6.39,7.62,low,tier_1,5,2,1,8
1139,728,15,7384.94,191,0.62,492.33,304.32,low,tier_3,3,1,4,8
1140,142,113,7697.57,260,23.87,68.12,1626.25,high,tier_4,2,5,4,11
1141,31,4,2474.38,205,3.87,618.6,2394.56,medium,tier_2,3,1,2,6
1142,671,93,6732.01,59,4.16,72.39,300.98,medium,tier_3,5,4,4,13
1143,249,86,974.64,264,10.36,11.33,117.43,high,tier_1,2,4,1,7
1144,884,25,2607.62,12,0.85,104.3,88.49,low,tier_2,5,2,2,9
1145,414,13,7889.62,119,0.94,606.89,571.71,low,tier_4,4,1,4,9
1146,759,82,8653.63,290,3.24,105.53,342.04,medium,tier_4,2,4,5,11
1147,276,33,6104.44,338,3.59,184.98,663.53,medium,tier_3,1,2,4,7
1148,865,16,5093.04,248,0.55,318.32,176.64,low,tier_3,2,1,3,6
1149,232,109,1635.08,354,14.09,15.0,211.43,high,tier_1,1,5,1,7
1150,152,42,677.93,127,8.29,16.14,133.8,medium,tier_1,4,2,1,7
1151,430,108,1220.61,75,7.53,11.3,85.16,medium,tier_1,4,5,1,10
1152,796,66,2312.21,361,2.49,35.03,87.14,medium,tier_1,1,3,2,6
1153,323,55,3449.66,204,5.11,62.72,320.4,medium,tier_2,3,3,2,8
1154,309,99,3840.05,49,9.61,38.79,372.82,medium,tier_2,5,5,2,12
1155,913,42,3495.9,79,1.38,83.24,114.87,low,tier_2,4,2,2,8
1156,227,34,2428.6,241,4.49,71.43,320.96,medium,tier_2,2,2,2,6
1157,1011,30,5121.76,349,0.89,170.73,151.98,low,tier_3,1,2,3,6
1158,781,119,8261.6,154,4.57,69.43,317.35,medium,tier_4,3,5,5,13
1159,173,13,2833.05,274,2.25,217.93,491.28,medium,tier_2,2,1,2,5
1160,638,13,9426.75,96,0.61,725.13,443.26,low,tier_4,4,1,5,10
1161,216,18,8739.7,214,2.5,485.54,1213.85,medium,tier_4,3,1,5,9
1162,493,32,1659.55,294,1.95,51.86,100.99,low,tier_1,1,2,1,4
1163,689,96,7873.45,209,4.18,82.02,342.82,medium,tier_4,3,4,4,11
1164,793,99,5767.14,343,3.75,58.25,218.18,medium,tier_3,1,5,3,9
1165,984,39,5687.42,88,1.19,145.83,173.4,low,tier_3,4,2,3,9
1166,432,46,3940.88,306,3.19,85.67,273.67,medium,tier_2,1,2,2,5
1167,176,116,5036.47,264,19.77,43.42,858.49,high,tier_3,2,5,3,10
1168,893,29,4001.93,325,0.97,138.0,134.44,low,tier_2,1,2,3,6
1169,518,62,5420.34,320,3.59,87.42,313.92,medium,tier_3,1,3,3,7
1170,958,113,6298.1,157,3.54,55.74,197.23,medium,tier_3,3,5,4,12
1171,580,93,6759.32,156,4.81,72.68,349.62,medium,tier_3,3,4,4,11
1172,367,62,5348.19,139,5.07,86.26,437.18,medium,tier_3,4,3,3,10
1173,901,117,7228.15,121,3.9,61.78,240.67,medium,tier_3,4,5,4,13
1174,670,108,1455.72,65,4.84,13.48,65.18,medium,tier_1,5,5,1,11
1175,502,57,2159.23,107,3.41,37.88,129.04,medium,tier_1,4,3,2,9
1176,180,16,8196.41,147,2.67,512.28,1366.07,medium,tier_4,3,1,5,9
1177,292,56,3259.15,137,5.75,58.2,334.84,medium,tier_2,4,3,2,9
1178,173,108,277.79,162,18.73,2.57,48.17,high,tier_1,3,5,1,9
1179,375,111,1580.22,100,8.88,14.24,126.42,medium,tier_1,4,5,1,10
1180,653,10,2274.96,338,0.46,227.5,104.52,low,tier_1,1,1,2,4
1181,1046,30,9575.36,307,0.86,319.18,274.63,low,tier_4,1,2,5,8
1182,910,25,5751.76,141,0.82,230.07,189.62,low,tier_3,3,2,3,8
1183,31,103,9330.67,83,99.68,90.59,9029.68,high,tier_4,4,5,5,14
1184,926,84,5772.88,177,2.72,68.72,187.03,medium,tier_3,3,4,3,10
1185,283,5,4819.58,198,0.53,963.92,510.91,low,tier_2,3,1,3,7
1186,482,65,3171.59,112,4.05,48.79,197.4,medium,tier_2,4,3,2,9
1187,1090,94,6083.39,56,2.59,64.72,167.43,medium,tier_3,5,4,4,13
1188,1044,49,1435.02,179,1.41,29.29,41.24,low,tier_1,3,3,1,7
1189,38,3,8987.7,186,2.37,2995.9,7095.55,medium,tier_4,3,1,5,9
1190,845,45,8301.86,218,1.6,184.49,294.74,low,tier_4,2,2,5,9
1191,237,14,3209.44,316,1.77,229.25,406.26,low,tier_2,1,1,2,4
1192,433,30,9530.34,217,2.08,317.68,660.3,medium,tier_4,2,2,5,9
1193,181,114,8260.75,120,18.9,72.46,1369.19,high,tier_4,4,5,5,14
1194,83,68,6679.75,175,24.58,98.23,2414.37,high,tier_3,3,3,4,10
1195,657,18,1261.53,23,0.82,70.08,57.6,low,tier_1,5,1,1,7
1196,616,62,4808.43,213,3.02,77.56,234.18,medium,tier_2,3,3,3,9
1197,133,37,5085.77,235,8.35,137.45,1147.17,medium,tier_3,2,2,3,7
1198,283,25,2363.89,13,2.65,94.56,250.59,medium,tier_1,5,2,2,9
1199,539,48,845.66,101,2.67,17.62,47.07,medium,tier_1,4,2,1,7
1200,128,65,7778.4,24,15.23,119.67,1823.06,high,tier_4,5,3,4,12
1201,182,53,1264.25,364,8.74,23.85,208.39,medium,tier_1,1,3,1,5
1202,943,110,5963.19,11,3.5,54.21,189.71,medium,tier_3,5,5,4,14
1203,907,79,9367.67,273,2.61,118.58,309.85,medium,tier_4,2,4,5,11
1204,367,73,8767.25,281,5.97,120.1,716.67,medium,tier_4,2,4,5,11
1205,851,15,2813.64,94,0.53,187.58,99.19,low,tier_2,4,1,2,7
1206,986,49,8521.91,201,1.49,173.92,259.29,low,tier_4,3,3,5,11
1207,190,88,53.31,21,13.89,0.61,8.42,high,tier_1,5,4,1,10
1208,830,68,225.99,340,2.46,3.32,8.17,medium,tier_1,1,3,1,5
1209,427,12,6045.4,211,0.84,503.78,424.74,low,tier_3,3,1,4,8
1210,845,59,3679.74,140,2.09,62.37,130.64,medium,tier_2,4,3,2,9
1211,430,37,3895.29,293,2.58,105.28,271.76,medium,tier_2,2,2,2,6
1212,669,61,5666.19,298,2.74,92.89,254.09,medium,tier_3,1,3,3,7
1213,1086,101,1958.24,101,2.79,19.39,54.1,medium,tier_1,4,5,2,11
1214,717,43,2156.97,304,1.8,50.16,90.25,low,tier_1,1,2,2,5
1215,489,70,4871.79,359,4.29,69.6,298.88,medium,tier_2,1,3,3,7
1216,984,39,7554.82,28,1.19,193.71,230.33,low,tier_4,5,2,4,11
1217,499,56,6214.0,41,3.37,110.96,373.59,medium,tier_3,5,3,4,12
1218,1075,63,3008.68,355,1.76,47.76,83.96,low,tier_2,1,3,2,6
1219,779,46,4331.85,303,1.77,94.17,166.82,low,tier_2,1,2,3,6
1220,67,88,1748.11,146,39.4,19.86,782.74,high,tier_1,3,4,1,8
1221,259,11,792.57,256,1.27,72.05,91.8,low,tier_1,2,1,1,4
1222,592,62,7837.83,227,3.14,126.42,397.19,medium,tier_4,2,3,4,9
1223,467,77,2690.6,236,4.95,34.94,172.84,medium,tier_2,2,4,2,8
1224,56,98,1818.78,361,52.5,18.56,974.35,high,tier_1,1,5,1,7
1225,255,25,6931.6,13,2.94,277.26,815.48,medium,tier_3,5,2,4,11
1226,827,71,6199.61,210,2.58,87.32,224.9,medium,tier_3,3,3,4,10
1227,313,52,6350.24,229,4.98,122.12,608.65,medium,tier_3,2,3,4,9
1228,908,4,2327.5,100,0.13,581.88,76.9,low,tier_1,4,1,2,7
1229,989,59,2364.82,31,1.79,40.08,71.73,low,tier_1,5,3,2,10
1230,482,72,2246.99,16,4.48,31.21,139.85,medium,tier_1,5,3,2,10
1231,1049,20,1778.84,137,0.57,88.94,50.87,low,tier_1,4,1,1,6
1232,845,93,6574.45,329,3.3,70.69,233.41,medium,tier_3,1,4,4,9
1233,688,63,8487.76,166,2.75,134.73,370.11,medium,tier_4,3,3,5,11
1234,576,54,7256.96,310,2.81,134.39,377.97,medium,tier_3,1,3,4,8
1235,46,117,7931.33,100,76.3,67.79,5172.61,high,tier_4,4,5,5,14
1236,187,115,4077.74,109,18.45,35.46,654.18,high,tier_2,4,5,3,12
1237,506,109,6558.05,343,6.46,60.17,388.82,medium,tier_3,1,5,4,10
1238,547,110,3574.65,173,6.03,32.5,196.05,medium,tier_2,3,5,2,10
1239,128,74,5278.77,237,17.34,71.33,1237.21,high,tier_3,2,4,3,9
1240,1090,107,4842.27,162,2.94,45.25,133.27,medium,tier_2,3,5,3,11
1241,309,98,1810.03,216,9.51,18.47,175.73,medium,tier_1,2,5,1,8
1242,526,57,3901.43,264,3.25,68.45,222.52,medium,tier_2,2,3,2,7
1243,331,90,9640.03,263,8.16,107.11,873.72,medium,tier_4,2,4,5,11
1244,210,41,2523.37,292,5.86,61.55,360.48,medium,tier_2,2,2,2,6
1245,636,113,1381.35,274,5.33,12.22,65.16,medium,tier_1,2,5,1,8
1246,729,3,4214.88,3,0.12,1404.96,173.45,low,tier_2,5,1,3,9
1247,1022,6,7913.86,28,0.18,1318.98,232.31,low,tier_4,5,1,4,10
1248,220,5,5842.37,326,0.68,1168.47,796.69,low,tier_3,1,1,3,5
1249,282,5,6825.7,149,0.53,1365.14,726.14,low,tier_3,3,1,4,8
1250,1010,54,1937.46,28,1.6,35.88,57.55,low,tier_1,5,3,2,10
1251,957,47,6208.53,310,1.47,132.1,194.62,low,tier_3,1,2,4,7
1252,157,87,3268.83,65,16.62,37.57,624.62,high,tier_2,5,4,2,11
1253,47,49,8351.32,356,31.28,170.44,5330.63,high,tier_4,1,3,5,9
1254,595,9,6311.52,21,0.45,701.28,318.23,low,tier_3,5,1,4,10
1255,599,99,2028.62,252,4.96,20.49,101.6,medium,tier_1,2,5,2,9
1256,715,20,692.94,235,0.84,34.65,29.07,low,tier_1,2,1,1,4
1257,655,113,474.2,227,5.18,4.2,21.72,medium,tier_1,2,5,1,8
1258,883,61,3745.52,13,2.07,61.4,127.25,medium,tier_2,5,3,2,10
1259,991,106,2695.22,313,3.21,25.43,81.59,medium,tier_2,1,5,2,8
1260,184,35,6478.6,49,5.71,185.1,1056.29,medium,tier_3,5,2,4,11
1261,519,50,5018.37,118,2.89,100.37,290.08,medium,tier_3,4,3,3,10
1262,814,82,2696.89,54,3.02,32.89,99.39,medium,tier_2,5,4,2,11
1263,275,62,1534.92,138,6.76,24.76,167.45,medium,tier_1,4,3,1,8
1264,1092,17,1315.64,53,0.47,77.39,36.14,low,tier_1,5,1,1,7
1265,788,88,8653.37,44,3.35,98.33,329.44,medium,tier_4,5,4,5,14
1266,567,3,2472.61,303,0.16,824.2,130.83,low,tier_2,1,1,2,4
1267,950,32,6534.52,53,1.01,204.2,206.35,low,tier_3,5,2,4,11
1268,437,99,8116.32,74,6.8,81.98,557.18,medium,tier_4,4,5,5,14
1269,554,102,6160.11,46,5.52,60.39,333.58,medium,tier_3,5,5,4,14
1270,857,13,8602.67,13,0.46,661.74,301.14,low,tier_4,5,1,5,11
1271,932,111,3954.32,165,3.57,35.62,127.28,medium,tier_2,3,5,2,10
1272,65,89,9564.41,102,41.08,107.47,4414.34,high,tier_4,4,4,5,13
1273,714,73,1374.79,280,3.07,18.83,57.76,medium,tier_1,2,4,1,7
1274,49,68,1066.39,258,41.63,15.68,652.89,high,tier_1,2,3,1,6
1275,350,14,6603.99,337,1.2,471.71,566.06,low,tier_3,1,1,4,6
1276,541,101,9431.17,356,5.6,93.38,522.99,medium,tier_4,1,5,5,11
1277,429,98,8098.39,138,6.85,82.64,566.32,medium,tier_4,4,5,5,14
1278,683,11,810.35,163,0.48,73.67,35.59,low,tier_1,3,1,1,5
1279,1001,105,2829.71,111,3.15,26.95,84.81,medium,tier_2,4,5,2,11
1280,500,56,9306.67,102,3.36,166.19,558.4,medium,tier_4,4,3,5,12
1281,863,67,2567.93,17,2.33,38.33,89.27,medium,tier_2,5,3,2,10
1282,756,92,7822.65,268,3.65,85.03,310.42,medium,tier_4,2,4,4,10
1283,883,29,8260.07,182,0.99,284.83,280.64,low,tier_4,3,2,5,10
1284,80,9,4979.75,24,3.38,553.31,1867.41,medium,tier_3,5,1,3,9
1285,604,67,3894.17,29,3.33,58.12,193.42,medium,tier_2,5,3,2,10
1286,179,25,4528.74,171,4.19,181.15,759.01,medium,tier_2,3,2,3,8
1287,343,98,2308.3,228,8.57,23.55,201.89,medium,tier_1,2,5,2,9
1288,599,76,8899.44,188,3.81,117.1,445.71,medium,tier_4,3,4,5,12
1289,334,42,4533.67,346,3.77,107.94,407.22,medium,tier_2,1,2,3,6
1290,711,9,8830.47,230,0.38,981.16,372.59,low,tier_4,2,1,5,8
1291,867,79,1101.65,321,2.73,13.94,38.12,medium,tier_1,1,4,1,6
1292,1032,40,9883.34,340,1.16,247.08,287.31,low,tier_4,1,2,5,8
1293,473,25,4460.57,119,1.59,178.42,282.91,low,tier_2,4,2,3,9
1294,642,5,525.92,156,0.23,105.18,24.58,low,tier_1,3,1,1,5
1295,1022,11,428.32,272,0.32,38.94,12.57,low,tier_1,2,1,1,4
1296,293,59,7474.76,175,6.04,126.69,765.33,medium,tier_4,3,3,4,10
1297,1033,98,6607.4,104,2.85,67.42,191.89,medium,tier_3,4,5,4,13
1298,34,88,8031.2,92,77.65,91.26,7086.35,high,tier_4,4,4,5,13
1299,803,79,1098.41,186,2.95,13.9,41.04,medium,tier_1,3,4,1,8
1300,906,38,403.93,283,1.26,10.63,13.38,low,tier_1,2,2,1,5
1301,1021,72,5110.36,181,2.12,70.98,150.16,medium,tier_3,3,3,3,9
1302,913,5,3906.57,170,0.16,781.31,128.36,low,tier_2,3,1,2,6
1303,76,48,4646.37,187,18.95,96.8,1834.09,high,tier_2,3,3,3,9
1304,896,90,9916.3,175,3.01,110.18,332.02,medium,tier_4,3,4,5,12
1305,852,18,9708.96,222,0.63,539.39,341.86,low,tier_4,2,1,5,8
1306,965,70,9426.04,233,2.18,134.66,293.04,medium,tier_4,2,3,5,10
1307,685,37,7849.23,162,1.62,212.14,343.76,low,tier_4,3,2,4,9
1308,298,60,3580.67,134,6.04,59.68,360.47,medium,tier_2,4,3,2,9
1309,399,48,4150.7,224,3.61,86.47,312.08,medium,tier_2,2,3,3,8
1310,665,77,5518.68,153,3.47,71.67,248.96,medium,tier_3,3,4,3,10
1311,686,28,8313.82,33,1.22,296.92,363.58,low,tier_4,5,2,5,12
1312,149,69,733.69,55,13.89,10.63,147.72,high,tier_1,5,3,1,9
1313,860,77,4271.75,7,2.69,55.48,149.01,medium,tier_2,5,4,3,12
1314,770,81,872.05,244,3.16,10.77,33.98,medium,tier_1,2,4,1,7
1315,146,114,5170.84,313,23.42,45.36,1062.5,high,tier_3,1,5,3,9
1316,820,40,8994.06,126,1.46,224.85,329.05,low,tier_4,4,2,5,11
1317,1042,45,7835.72,12,1.3,174.13,225.6,low,tier_4,5,2,4,11
1318,663,96,2317.03,16,4.34,24.14,104.84,medium,tier_1,5,4,2,11
1319,542,62,9761.11,208,3.43,157.44,540.28,medium,tier_4,3,3,5,11
1320,831,93,6690.14,43,3.36,71.94,241.52,medium,tier_3,5,4,4,13
1321,589,115,153.76,135,5.86,1.34,7.83,medium,tier_1,4,5,1,10
1322,517,58,2591.36,228,3.37,44.68,150.37,medium,tier_2,2,3,2,7
1323,926,67,2644.1,111,2.17,39.46,85.66,medium,tier_2,4,3,2,9
1324,733,56,739.08,307,2.29,13.2,30.25,medium,tier_1,1,3,1,5
1325,610,40,9600.27,160,1.97,240.01,472.14,low,tier_4,3,2,5,10
1326,819,98,4808.64,331,3.59,49.07,176.14,medium,tier_2,1,5,3,9
1327,890,40,8963.36,264,1.35,224.08,302.14,low,tier_4,2,2,5,9
1328,276,91,3256.04,225,9.89,35.78,353.92,medium,tier_2,2,4,2,8
1329,183,77,1296.07,217,12.62,16.83,212.47,high,tier_1,2,4,1,7
1330,1026,109,4769.64,45,3.19,43.76,139.46,medium,tier_2,5,5,3,13
1331,726,33,1183.87,214,1.36,35.87,48.92,low,tier_1,3,2,1,6
1332,1038,6,4885.85,59,0.17,814.31,141.21,low,tier_2,5,1,3,9
1333,123,88,9206.96,132,21.46,104.62,2245.6,high,tier_4,4,4,5,13
1334,987,19,5231.64,104,0.58,275.35,159.02,low,tier_3,4,1,3,8
1335,1041,80,6184.17,195,2.31,77.3,178.22,medium,tier_3,3,4,4,11
1336,482,40,1608.55,157,2.49,40.21,100.12,medium,tier_1,3,2,1,6
1337,941,92,485.17,98,2.93,5.27,15.47,medium,tier_1,4,4,1,9
1338,247,97,1152.54,226,11.78,11.88,139.98,high,tier_1,2,5,1,8
1339,503,59,6005.39,205,3.52,101.79,358.17,medium,tier_3,3,3,4,10
1340,461,59,995.37,79,3.84,16.87,64.77,medium,tier_1,4,3,1,8
1341,370,48,3791.13,124,3.89,78.98,307.39,medium,tier_2,4,3,2,9
1342,580,41,5523.41,218,2.12,134.72,285.69,medium,tier_3,2,2,3,7
1343,386,13,3917.1,4,1.01,301.32,304.44,low,tier_2,5,1,2,8
1344,52,107,1678.65,90,61.73,15.69,968.45,high,tier_1,4,5,1,10
1345,551,45,2774.22,104,2.45,61.65,151.05,medium,tier_2,4,2,2,8
1346,831,89,9286.76,119,3.21,104.35,335.26,medium,tier_4,4,4,5,13
1347,791,53,6776.02,133,2.01,127.85,256.99,medium,tier_3,4,3,4,11
1348,471,42,4985.68,312,2.68,118.71,317.56,medium,tier_3,1,2,3,6
1349,798,100,176.51,96,3.76,1.77,6.64,medium,tier_1,4,5,1,10
1350,1045,63,9924.53,331,1.81,157.53,284.91,low,tier_4,1,3,5,9
1351,545,27,6730.98,143,1.49,249.3,370.51,low,tier_3,3,2,4,9
1352,1069,38,3203.38,288,1.07,84.3,89.9,low,tier_2,2,2,2,6
1353,821,60,8798.72,28,2.19,146.65,321.51,medium,tier_4,5,3,5,13
1354,365,7,2621.39,278,0.58,374.48,215.46,low,tier_2,2,1,2,5
1355,287,5,5462.96,233,0.52,1092.59,571.04,low,tier_3,2,1,3,6
1356,526,107,6378.9,17,6.1,59.62,363.82,medium,tier_3,5,5,4,14
1357,925,45,2249.58,59,1.46,49.99,72.96,low,tier_1,5,2,2,9
1358,189,58,9785.05,90,9.21,168.71,1553.18,medium,tier_4,4,3,5,12
1359,881,115,7494.51,199,3.92,65.17,255.2,medium,tier_4,3,5,4,12
1360,719,31,5600.24,362,1.29,180.65,233.67,low,tier_3,1,2,3,6
1361,409,23,1846.92,26,1.69,80.3,135.47,low,tier_1,5,1,1,7
1362,986,42,585.89,25,1.28,13.95,17.83,low,tier_1,5,2,1,8
1363,720,10,3234.6,301,0.42,323.46,134.78,low,tier_2,1,1,2,4
1364,314,32,7544.21,339,3.06,235.76,720.78,medium,tier_4,1,2,4,7
1365,426,107,2729.85,267,7.54,25.51,192.24,medium,tier_2,2,5,2,9
1366,41,53,5418.58,181,38.78,102.24,3964.81,high,tier_3,3,3,3,9
1367,528,30,7293.07,360,1.7,243.1,414.38,low,tier_3,1,2,4,7
1368,783,39,1124.04,68,1.49,28.82,43.07,low,tier_1,5,2,1,8
1369,64,31,6868.72,351,14.53,221.57,3219.71,high,tier_3,1,2,4,7
1370,756,82,964.12,321,3.25,11.76,38.26,medium,tier_1,1,4,1,6
1371,878,100,9653.04,49,3.42,96.53,329.83,medium,tier_4,5,5,5,15
1372,119,2,4909.52,175,0.5,2454.76,1237.69,low,tier_2,3,1,3,7
1373,805,78,1549.23,52,2.91,19.86,57.74,medium,tier_1,5,4,1,10
1374,634,77,3456.72,102,3.64,44.89,163.57,medium,tier_2,4,4,2,10
1375,999,93,4163.49,216,2.79,44.77,125.03,medium,tier_2,2,4,3,9
1376,1051,12,7593.94,188,0.34,632.83,216.76,low,tier_4,3,1,4,8
1377,447,39,7447.07,57,2.62,190.95,499.8,medium,tier_3,5,2,4,11
1378,144,66,6138.81,47,13.75,93.01,1278.92,high,tier_3,5,3,4,12
1379,646,96,1104.01,159,4.46,11.5,51.27,medium,tier_1,3,4,1,8
1380,855,13,1558.12,174,0.46,119.86,54.67,low,tier_1,3,1,1,5
1381,442,46,982.88,242,3.12,21.37,66.71,medium,tier_1,2,2,1,5
1382,758,27,5792.87,282,1.07,214.55,229.27,low,tier_3,2,2,3,7
1383,1050,113,8777.53,241,3.23,77.68,250.79,medium,tier_4,2,5,5,12
1384,790,105,4366.32,5,3.99,41.58,165.81,medium,tier_2,5,5,3,13
1385,705,17,1650.44,84,0.72,97.08,70.23,low,tier_1,4,1,1,6
1386,486,104,5602.52,308,6.42,53.87,345.83,medium,tier_3,1,5,3,9
1387,949,95,8126.93,361,3.0,85.55,256.91,medium,tier_4,1,4,5,10
1388,221,98,7430.04,248,13.3,75.82,1008.6,high,tier_3,2,5,4,11
1389,768,60,8820.44,54,2.34,147.01,344.55,medium,tier_4,5,3,5,13
1390,1007,64,2815.13,161,1.91,43.99,83.87,low,tier_2,3,3,2,8
1391,1038,88,1979.84,226,2.54,22.5,57.22,medium,tier_1,2,4,2,8
1392,125,109,8804.17,15,26.16,80.77,2113.0,high,tier_4,5,5,5,15
1393,692,35,6592.73,224,1.52,188.36,285.81,low,tier_3,2,2,4,8
1394,66,112,3143.74,61,50.91,28.07,1428.97,high,tier_2,5,5,2,12
1395,308,70,7436.36,122,6.82,106.23,724.32,medium,tier_3,4,3,4,11
1396,246,83,8160.43,277,10.12,98.32,995.17,high,tier_4,2,4,5,11
1397,896,30,6169.03,46,1.0,205.63,206.55,low,tier_3,5,2,4,11
1398,902,71,6894.45,294,2.36,97.1,229.31,medium,tier_3,1,3,4,8
1399,91,74,3783.84,62,24.4,51.13,1247.42,high,tier_2,5,4,2,11
1400,625,105,5410.02,86,5.04,51.52,259.68,medium,tier_3,4,5,3,12
1401,758,96,5265.38,210,3.8,54.85,208.39,medium,tier_3,3,4,3,10
1402,426,98,8488.08,78,6.9,86.61,597.75,medium,tier_4,4,5,5,14
1403,728,63,8407.64,202,2.6,133.45,346.47,medium,tier_4,3,3,5,11
1404,1072,28,8335.17,302,0.78,297.68,233.26,low,tier_4,1,2,5,8
1405,206,60,159.76,223,8.74,2.66,23.27,medium,tier_1,2,3,1,6
1406,425,79,7507.98,222,5.58,95.04,529.98,medium,tier_4,2,4,4,10
1407,474,94,7598.83,3,5.95,80.84,480.94,medium,tier_4,5,4,4,13
1408,105,37,6799.87,6,10.57,183.78,1942.82,high,tier_3,5,2,4,11
1409,294,93,7574.83,93,9.49,81.45,772.94,medium,tier_4,4,4,4,12
1410,484,22,8427.61,8,1.36,383.07,522.37,low,tier_4,5,1,5,11
1411,747,68,4729.67,235,2.73,69.55,189.95,medium,tier_2,2,3,3,8
1412,764,20,5045.4,108,0.79,252.27,198.12,low,tier_3,4,1,3,8
1413,880,96,1290.9,161,3.27,13.45,44.01,medium,tier_1,3,4,1,8
1414,173,100,3884.49,209,17.34,38.84,673.61,high,tier_2,3,5,2,10
1415,914,114,6451.48,240,3.74,56.59,211.76,medium,tier_3,2,5,4,11
1416,425,68,7814.98,331,4.8,114.93,551.65,medium,tier_4,1,3,4,8
1417,1078,91,2211.23,333,2.53,24.3,61.54,medium,tier_1,1,4,2,7
1418,977,64,1421.34,50,1.97,22.21,43.64,low,tier_1,5,3,1,9
1419,920,17,6647.27,11,0.55,391.02,216.76,low,tier_3,5,1,4,10
1420,598,12,68.7,351,0.6,5.72,3.45,low,tier_1,1,1,1,3
1421,1092,22,1824.81,156,0.6,82.95,50.13,low,tier_1,3,1,1,5
1422,138,17,339.26,70,3.7,19.96,73.75,medium,tier_1,4,1,1,6
1423,964,10,1710.51,169,0.31,171.05,53.23,low,tier_1,3,1,1,5
1424,427,118,1854.13,272,8.29,15.71,130.27,medium,tier_1,2,5,1,8
1425,663,65,3907.35,68,2.94,60.11,176.8,medium,tier_2,5,3,2,10
1426,762,22,4053.15,355,0.87,184.23,159.57,low,tier_2,1,1,3,5
1427,264,90,8748.91,252,10.23,97.21,994.19,high,tier_4,2,4,5,11
1428,687,82,5125.59,48,3.58,62.51,223.82,medium,tier_3,5,4,3,12
1429,780,50,7247.88,184,1.92,144.96,278.76,low,tier_3,3,3,4,10
1430,617,14,1086.17,320,0.68,77.58,52.81,low,tier_1,1,1,1,3
1431,1062,64,2293.12,187,1.81,35.83,64.78,low,tier_1,3,3,2,8
1432,983,47,7044.29,90,1.43,149.88,214.98,low,tier_3,4,2,4,10
1433,521,29,575.4,332,1.67,19.84,33.13,low,tier_1,1,2,1,4
1434,942,76,4891.65,139,2.42,64.36,155.79,medium,tier_2,4,4,3,11
1435,199,36,6013.72,357,5.43,167.05,906.59,medium,tier_3,1,2,4,7
1436,975,99,6041.35,89,3.05,61.02,185.89,medium,tier_3,4,5,4,13
1437,824,52,278.18,274,1.89,5.35,10.13,low,tier_1,2,3,1,6
1438,663,76,3254.97,19,3.44,42.83,147.28,medium,tier_2,5,4,2,11
1439,58,7,6383.08,311,3.62,911.87,3301.59,medium,tier_3,1,1,4,6
1440,368,29,1532.55,358,2.36,52.85,124.94,medium,tier_1,1,2,1,4
1441,529,11,6969.39,154,0.62,633.58,395.24,low,tier_3,3,1,4,8
1442,540,33,7471.96,260,1.83,226.42,415.11,low,tier_4,2,2,4,8
1443,246,6,9820.59,108,0.73,1636.76,1197.63,low,tier_4,4,1,5,10
1444,474,111,2137.93,285,7.03,19.26,135.31,medium,tier_1,2,5,2,9
1445,905,79,8260.05,59,2.62,104.56,273.81,medium,tier_4,5,4,5,14
1446,196,32,5226.95,125,4.9,163.34,800.04,medium,tier_3,4,2,3,9
1447,120,51,3765.95,354,12.75,73.84,941.49,high,tier_2,1,3,2,6
1448,743,75,1267.65,273,3.03,16.9,51.18,medium,tier_1,2,4,1,7
1449,68,58,7368.28,107,25.59,127.04,3250.71,high,tier_3,4,3,4,11
1450,202,87,2396.78,299,12.92,27.55,355.96,high,tier_2,1,4,2,7
1451,682,26,3745.65,245,1.14,144.06,164.76,low,tier_2,2,2,2,6
1452,783,98,672.3,336,3.75,6.86,25.76,medium,tier_1,1,5,1,7
1453,505,46,8023.6,247,2.73,174.43,476.65,medium,tier_4,2,2,5,9
1454,485,98,7677.56,8,6.06,78.34,474.9,medium,tier_4,5,5,4,14
1455,858,29,7349.48,141,1.01,253.43,256.97,low,tier_3,3,2,4,9
1456,924,4,3029.46,362,0.13,757.36,98.36,low,tier_2,1,1,2,4
1457,1054,81,1776.13,8,2.31,21.93,50.55,medium,tier_1,5,4,1,10
1458,416,99,6393.65,352,7.14,64.58,461.08,medium,tier_3,1,5,4,10
1459,377,13,4986.86,94,1.03,383.6,396.83,low,tier_3,4,1,3,8
1460,219,105,1823.61,321,14.38,17.37,249.81,high,tier_1,1,5,1,7
1461,534,39,6874.82,39,2.19,176.28,386.23,medium,tier_3,5,2,4,11
1462,853,15,9911.71,81,0.53,660.78,348.59,low,tier_4,4,1,5,10
1463,958,119,7484.83,187,3.73,62.9,234.39,medium,tier_4,3,5,4,12
1464,963,29,7412.86,84,0.9,255.62,230.93,low,tier_3,4,2,4,10
1465,163,29,9505.61,88,5.34,327.78,1749.5,medium,tier_4,4,2,5,11
1466,87,75,2069.22,242,25.86,27.59,713.52,high,tier_1,2,4,2,8
1467,714,116,5677.22,342,4.87,48.94,238.54,medium,tier_3,1,5,3,9
1468,701,32,9797.48,93,1.37,306.17,419.29,low,tier_4,4,2,5,11
1469,202,2,1694.68,86,0.3,847.34,251.69,low,tier_1,4,1,1,6
1470,844,47,7017.51,44,1.67,149.31,249.44,low,tier_3,5,2,4,11
1471,109,78,5878.81,137,21.47,75.37,1618.02,high,tier_3,4,4,3,11
1472,915,84,5885.47,74,2.75,70.07,192.97,medium,tier_3,4,4,3,11
1473,232,22,6991.82,36,2.84,317.81,904.11,medium,tier_3,5,1,4,10
1474,793,75,9299.69,101,2.84,124.0,351.82,medium,tier_4,4,4,5,13
1475,76,27,7836.69,156,10.66,290.25,3093.43,high,tier_4,3,2,4,9
1476,685,67,608.55,255,2.93,9.08,26.65,medium,tier_1,2,3,1,6
1477,500,81,8534.64,171,4.86,105.37,512.08,medium,tier_4,3,4,5,12
1478,1000,108,2294.14,216,3.24,21.24,68.82,medium,tier_1,2,5,2,9
1479,1065,56,3800.3,170,1.58,67.86,107.05,low,tier_2,3,3,2,8
1480,765,92,4644.24,252,3.61,50.48,182.13,medium,tier_2,2,4,3,9
1481,813,93,4835.01,360,3.43,51.99,178.41,medium,tier_2,1,4,3,8
1482,997,21,4380.04,322,0.63,208.57,131.8,low,tier_2,1,1,3,5
1483,387,47,9376.67,55,3.64,199.5,726.87,medium,tier_4,5,2,5,12
1484,1001,80,7074.89,91,2.4,88.44,212.03,medium,tier_3,4,4,4,12
1485,697,101,6330.15,278,4.35,62.67,272.46,medium,tier_3,2,5,4,11
1486,402,59,545.93,101,4.4,9.25,40.74,medium,tier_1,4,3,1,8
1487,1061,84,9043.94,155,2.38,107.67,255.72,medium,tier_4,3,4,5,12
1488,705,6,9098.43,349,0.26,1516.4,387.17,low,tier_4,1,1,5,7
1489,119,19,7813.12,364,4.79,411.22,1969.69,medium,tier_4,1,1,4,6
1490,727,57,119.94,141,2.35,2.1,4.95,medium,tier_1,3,3,1,7
1491,569,69,619.94,173,3.64,8.98,32.69,medium,tier_1,3,3,1,7
1492,761,3,2290.98,10,0.12,763.66,90.31,low,tier_1,5,1,2,8
1493,898,1,1356.93,228,0.03,1356.93,45.33,low,tier_1,2,1,1,4
1494,70,58,4018.42,265,24.86,69.28,1722.18,high,tier_2,2,3,3,8
1495,769,38,9230.1,248,1.48,242.9,360.08,low,tier_4,2,2,5,9
1496,531,15,4747.0,247,0.85,316.47,268.19,low,tier_2,2,1,3,6
1497,988,34,183.36,155,1.03,5.39,5.57,low,tier_1,3,2,1,6
1498,958,61,2863.32,34,1.91,46.94,89.67,low,tier_2,5,3,2,10
1499,490,35,493.72,129,2.14,14.11,30.23,medium,tier_1,4,2,1,7
1500,761,64,411.06,160,2.52,6.42,16.2,medium,tier_1,3,3,1,7
1501,781,113,2793.41,89,4.34,24.72,107.3,medium,tier_2,4,5,2,11
1502,954,25,2792.34,93,0.79,111.69,87.81,low,tier_2,4,2,2,8
1503,938,24,7881.91,327,0.77,328.41,252.09,low,tier_4,1,1,4,6
1504,419,12,9749.6,241,0.86,812.47,698.06,low,tier_4,2,1,5,8
1505,912,18,3743.51,323,0.59,207.97,123.14,low,tier_2,1,1,2,4
1506,285,15,4317.42,117,1.58,287.83,454.47,low,tier_2,4,1,3,8
1507,738,108,8455.65,94,4.39,78.29,343.73,medium,tier_4,4,5,5,14
1508,479,80,2717.98,163,5.01,33.97,170.23,medium,tier_2,3,4,2,9
1509,39,27,1606.0,99,20.77,59.48,1235.38,high,tier_1,4,2,1,7
1510,853,72,8538.24,113,2.53,118.59,300.29,medium,tier_4,4,3,5,12
1511,827,60,512.68,359,2.18,8.54,18.6,medium,tier_1,1,3,1,5
1512,906,46,6216.01,91,1.52,135.13,205.83,low,tier_3,4,2,4,10
1513,1058,89,5641.83,346,2.52,63.39,159.98,medium,tier_3,1,4,3,8
1514,1045,17,3491.91,206,0.49,205.41,100.25,low,tier_2,3,1,2,6
1515,403,93,3186.14,17,6.92,34.26,237.18,medium,tier_2,5,4,2,11
1516,175,53,7729.98,274,9.09,145.85,1325.14,medium,tier_4,2,3,4,9
1517,253,8,909.92,173,0.95,113.74,107.9,low,tier_1,3,1,1,5
1518,206,79,2406.0,116,11.5,30.46,350.39,high,tier_2,4,4,2,10
1519,882,27,7337.86,349,0.92,271.77,249.59,low,tier_3,1,2,4,7
1520,92,46,5505.79,181,15.0,119.69,1795.37,high,tier_3,3,2,3,8
1521,856,50,1323.48,91,1.75,26.47,46.38,low,tier_1,4,3,1,8
1522,824,116,8827.25,82,4.22,76.1,321.38,medium,tier_4,4,5,5,14
1523,718,71,3964.81,324,2.97,55.84,165.66,medium,tier_2,1,3,3,7
1524,134,3,8287.29,114,0.67,2762.43,1855.36,low,tier_4,4,1,5,10
1525,540,93,7887.74,257,5.17,84.81,438.21,medium,tier_4,2,4,4,10
1526,414,64,6263.03,58,4.64,97.86,453.84,medium,tier_3,5,3,4,12
1527,434,44,4970.09,154,3.04,112.96,343.55,medium,tier_3,3,2,3,8
1528,852,53,9796.53,116,1.87,184.84,344.95,low,tier_4,4,3,5,12
1529,547,24,1492.4,343,1.32,62.18,81.85,low,tier_1,1,1,1,3
1530,505,60,7265.3,266,3.56,121.09,431.6,medium,tier_3,2,3,4,9
1531,738,3,1952.35,315,0.12,650.78,79.36,low,tier_1,1,1,2,4
1532,800,20,3415.72,203,0.75,170.79,128.09,low,tier_2,3,1,2,6
1533,1076,46,3121.55,41,1.28,67.86,87.03,low,tier_2,5,2,2,9
1534,1026,15,9473.01,105,0.44,631.53,276.99,low,tier_4,4,1,5,10
1535,706,25,9675.19,193,1.06,387.01,411.13,low,tier_4,3,2,5,10
1536,743,94,1871.0,278,3.8,19.9,75.55,medium,tier_1,2,4,1,7
1537,112,78,269.25,354,20.89,3.45,72.12,high,tier_1,1,4,1,6
1538,486,71,7214.08,237,4.38,101.61,445.31,medium,tier_3,2,3,4,9
1539,30,17,4209.0,221,17.0,247.59,4209.0,high,tier_2,2,1,3,6
1540,80,108,933.96,68,40.5,8.65,350.24,high,tier_1,5,5,1,11
1541,714,84,6853.35,197,3.53,81.59,287.96,medium,tier_3,3,4,4,11
1542,746,100,5473.8,256,4.02,54.74,220.13,medium,tier_3,2,5,3,10
1543,478,9,9806.14,139,0.56,1089.57,615.45,low,tier_4,4,1,5,10
1544,910,38,2312.72,312,1.25,60.86,76.24,low,tier_1,1,2,2,5
1545,517,48,4069.58,149,2.79,84.78,236.15,medium,tier_2,3,3,3,9
1546,63,60,5448.33,99,28.57,90.81,2594.44,high,tier_3,4,3,3,10
1547,124,63,7927.41,76,15.24,125.83,1917.92,high,tier_4,4,3,4,11
1548,183,86,5510.94,282,14.1,64.08,903.43,high,tier_3,2,4,3,9
1549,279,118,6148.36,109,12.69,52.1,661.11,high,tier_3,4,5,4,13
1550,703,117,2300.16,188,4.99,19.66,98.16,medium,tier_1,3,5,2,10
1551,467,117,8476.84,199,7.52,72.45,544.55,medium,tier_4,3,5,5,13
1552,147,2,4314.87,303,0.41,2157.44,880.59,low,tier_2,1,1,3,5
1553,800,88,1452.55,327,3.3,16.51,54.47,medium,tier_1,1,4,1,6
1554,297,72,6658.67,154,7.27,92.48,672.59,medium,tier_3,3,3,4,10
1555,265,11,2200.1,40,1.25,200.01,249.07,low,tier_1,5,1,2,8
1556,418,64,1020.75,133,4.59,15.95,73.26,medium,tier_1,4,3,1,8
1557,1019,77,8626.77,132,2.27,112.04,253.98,medium,tier_4,4,4,5,13
1558,792,81,4628.61,279,3.07,57.14,175.33,medium,tier_2,2,4,3,9
1559,430,72,7505.37,362,5.02,104.24,523.63,medium,tier_4,1,3,4,8
1560,653,21,2941.35,84,0.96,140.06,135.13,low,tier_2,4,1,2,7
1561,796,18,7880.35,242,0.68,437.8,297.0,low,tier_4,2,1,4,7
1562,948,94,1163.76,116,2.97,12.38,36.83,medium,tier_1,4,4,1,9
1563,882,64,3591.94,109,2.18,56.12,122.17,medium,tier_2,4,3,2,9
1564,607,82,9781.72,221,4.05,119.29,483.45,medium,tier_4,2,4,5,11
1565,104,110,7950.2,41,31.73,72.27,2293.33,high,tier_4,5,5,5,15
1566,464,111,4997.7,147,7.18,45.02,323.13,medium,tier_3,3,5,3,11
1567,132,95,3430.79,112,21.59,36.11,779.72,high,tier_2,4,4,2,10
1568,793,38,8727.75,103,1.44,229.68,330.18,low,tier_4,4,2,5,11
1569,767,32,5471.24,46,1.25,170.98,214.0,low,tier_3,5,2,3,10
1570,835,11,7596.33,324,0.4,690.58,272.92,low,tier_4,1,1,4,6
1571,127,45,7553.37,271,10.63,167.85,1784.26,high,tier_4,2,2,4,8
1572,827,89,228.56,195,3.23,2.57,8.29,medium,tier_1,3,4,1,8
1573,888,33,1306.23,280,1.11,39.58,44.13,low,tier_1,2,2,1,5
1574,464,102,6613.31,283,6.59,64.84,427.58,medium,tier_3,2,5,4,11
1575,476,41,1658.12,40,2.58,40.44,104.5,medium,tier_1,5,2,1,8
1576,278,8,2592.16,189,0.86,324.02,279.73,low,tier_2,3,1,2,6
1577,195,11,9469.05,164,1.69,860.82,1456.78,low,tier_4,3,1,5,9
1578,1013,86,5623.81,24,2.55,65.39,166.55,medium,tier_3,5,4,3,12
1579,1049,51,7519.76,24,1.46,147.45,215.06,low,tier_4,5,3,4,12
1580,571,88,5601.91,4,4.62,63.66,294.32,medium,tier_3,5,4,3,12
1581,788,41,5547.51,323,1.56,135.31,211.2,low,tier_3,1,2,3,6
1582,110,17,986.81,290,4.64,58.05,269.13,medium,tier_1,2,1,1,4
1583,162,76,3469.45,181,14.07,45.65,642.49,high,tier_2,3,4,2,9
1584,826,46,2860.19,248,1.67,62.18,103.88,low,tier_2,2,2,2,6
1585,929,32,3937.75,116,1.03,123.05,127.16,low,tier_2,4,2,2,8
1586,167,79,7993.52,279,14.19,101.18,1435.96,high,tier_4,2,4,5,11
1587,213,80,3750.73,69,11.27,46.88,528.27,high,tier_2,4,4,2,10
1588,814,54,4544.38,351,1.99,84.16,167.48,low,tier_2,1,3,3,7
1589,1013,86,4003.94,254,2.55,46.56,118.58,medium,tier_2,2,4,3,9
1590,98,92,979.41,181,28.16,10.65,299.82,high,tier_1,3,4,1,8
1591,575,20,4438.67,318,1.04,221.93,231.58,low,tier_2,1,1,3,5
1592,82,33,1996.31,169,12.07,60.49,730.36,high,tier_1,3,2,2,7
1593,234,74,1907.9,313,9.49,25.78,244.6,medium,tier_1,1,4,2,7
1594,155,40,985.66,249,7.74,24.64,190.77,medium,tier_1,2,2,1,5
1595,72,32,3598.88,188,13.33,112.46,1499.53,high,tier_2,3,2,2,7
1596,140,114,7586.94,54,24.43,66.55,1625.77,high,tier_4,5,5,4,14
1597,790,97,2800.59,326,3.68,28.87,106.35,medium,tier_2,1,5,2,8
1598,877,2,3157.87,357,0.07,1578.94,108.02,low,tier_2,1,1,2,4
1599,124,97,6444.61,313,23.47,66.44,1559.18,high,tier_3,1,5,4,10
1600,929,33,1998.62,138,1.07,60.56,64.54,low,tier_1,4,2,2,8
1601,389,105,8974.73,168,8.1,85.47,692.14,medium,tier_4,3,5,5,13
1602,929,77,5225.9,103,2.49,67.87,168.76,medium,tier_3,4,4,3,11
1603,310,30,4503.65,85,2.9,150.12,435.84,medium,tier_2,4,2,3,9
1604,696,33,5600.31,317,1.42,169.71,241.39,low,tier_3,1,2,3,6
1605,122,77,1702.04,212,18.93,22.1,418.53,high,tier_1,3,4,1,8
1606,701,116,6154.06,3,4.96,53.05,263.37,medium,tier_3,5,5,4,14
1607,90,26,3662.85,179,8.67,140.88,1220.95,medium,tier_2,3,2,2,7
1608,663,22,8977.0,342,1.0,408.05,406.2,low,tier_4,1,1,5,7
1609,1058,103,1730.1,303,2.92,16.8,49.06,medium,tier_1,1,5,1,7
1610,633,66,5095.16,332,3.13,77.2,241.48,medium,tier_3,1,3,3,7
1611,711,38,6001.22,38,1.6,157.93,253.22,low,tier_3,5,2,4,11
1612,563,103,382.17,239,5.49,3.71,20.36,medium,tier_1,2,5,1,8
1613,867,90,3668.75,169,3.11,40.76,126.95,medium,tier_2,3,4,2,9
1614,674,46,7339.72,343,2.05,159.56,326.69,medium,tier_3,1,2,4,7
1615,262,114,8212.76,314,13.05,72.04,940.39,high,tier_4,1,5,5,11
1616,553,15,3165.96,306,0.81,211.06,171.75,low,tier_2,1,1,2,4
1617,375,98,7996.0,30,7.84,81.59,639.68,medium,tier_4,5,5,5,15
1618,575,106,9679.17,190,5.53,91.31,505.0,medium,tier_4,3,5,5,13
1619,823,119,8575.9,357,4.34,72.07,312.61,medium,tier_4,1,5,5,11
1620,278,44,1220.56,25,4.75,27.74,131.72,medium,tier_1,5,2,1,8
1621,76,49,7410.32,112,19.34,151.23,2925.13,high,tier_3,4,3,4,11
1622,243,104,3230.68,206,12.84,31.06,398.85,high,tier_2,3,5,2,10
1623,268,75,9884.74,185,8.4,131.8,1106.5,medium,tier_4,3,4,5,12
1624,379,61,4879.32,47,4.83,79.99,386.23,medium,tier_2,5,3,3,11
1625,136,67,1268.22,228,14.78,18.93,279.75,high,tier_1,2,3,1,6
1626,860,6,7265.6,39,0.21,1210.93,253.45,low,tier_3,5,1,4,10
1627,77,9,3263.96,16,3.51,362.66,1271.67,medium,tier_2,5,1,2,8
1628,366,6,9970.93,22,0.49,1661.82,817.29,low,tier_4,5,1,5,11
1629,1079,73,9798.84,213,2.03,134.23,272.44,medium,tier_4,3,4,5,12
1630,833,103,6578.53,310,3.71,63.87,236.92,medium,tier_3,1,5,4,10
1631,37,95,1341.77,149,77.03,14.12,1087.92,high,tier_1,3,4,1,8
1632,654,32,6884.27,241,1.47,215.13,315.79,low,tier_3,2,2,4,8
1633,748,41,975.65,272,1.64,23.8,39.13,low,tier_1,2,2,1,5
1634,332,114,342.17,59,10.3,3.0,30.92,high,tier_1,5,5,1,11
1635,668,76,8238.44,287,3.41,108.4,369.99,medium,tier_4,2,4,5,11
1636,85,8,2137.04,202,2.82,267.13,754.25,medium,tier_1,3,1,2,6
1637,755,72,3821.32,32,2.86,53.07,151.84,medium,tier_2,5,3,2,10
1638,555,50,9735.9,162,2.7,194.72,526.26,medium,tier_4,3,3,5,11
1639,503,92,3401.56,255,5.49,36.97,202.88,medium,tier_2,2,4,2,8
1640,57,62,3000.07,254,32.63,48.39,1578.98,high,tier_2,2,3,2,7
1641,107,84,9186.17,9,23.55,109.36,2575.56,high,tier_4,5,4,5,14
1642,394,62,1151.95,139,4.72,18.58,87.71,medium,tier_1,4,3,1,8
1643,695,111,7607.84,10,4.79,68.54,328.4,medium,tier_4,5,5,4,14
1644,555,7,9881.25,214,0.38,1411.61,534.12,low,tier_4,3,1,5,9
1645,728,75,9017.9,273,3.09,120.24,371.62,medium,tier_4,2,4,5,11
1646,912,84,6534.1,324,2.76,77.79,214.94,medium,tier_3,1,4,4,9
1647,1060,80,3174.9,48,2.26,39.69,89.86,medium,tier_2,5,4,2,11
1648,1056,4,2580.5,111,0.11,645.12,73.31,low,tier_2,4,1,2,7
1649,948,6,8201.59,153,0.19,1366.93,259.54,low,tier_4,3,1,5,9
1650,779,58,8804.23,123,2.23,151.8,339.06,medium,tier_4,4,3,5,12
1651,392,22,5278.08,357,1.68,239.91,403.93,low,tier_3,1,1,3,5
1652,835,26,2481.18,102,0.93,95.43,89.14,low,tier_2,4,2,2,8
1653,768,3,1173.78,241,0.12,391.26,45.85,low,tier_1,2,1,1,4
1654,1068,41,917.44,321,1.15,22.38,25.77,low,tier_1,1,2,1,4
1655,514,60,7204.82,191,3.5,120.08,420.51,medium,tier_3,3,3,4,10
1656,57,106,4230.18,217,55.79,39.91,2226.41,high,tier_2,2,5,3,10
1657,743,14,9058.33,51,0.57,647.02,365.75,low,tier_4,5,1,5,11
1658,1092,75,7409.73,292,2.06,98.8,203.56,medium,tier_3,2,4,4,10
1659,115,82,1953.04,81,21.39,23.82,509.49,high,tier_1,4,4,2,10
1660,155,118,6157.09,88,22.84,52.18,1191.69,high,tier_3,4,5,4,13
1661,841,12,4383.28,194,0.43,365.27,156.36,low,tier_2,3,1,3,7
1662,566,87,5793.63,104,4.61,66.59,307.08,medium,tier_3,4,4,3,11
1663,174,12,7393.79,271,2.07,616.15,1274.79,medium,tier_3,2,1,4,7
1664,54,13,8071.65,96,7.22,620.9,4484.25,medium,tier_4,4,1,5,10
1665,96,25,8445.19,198,7.81,337.81,2639.12,medium,tier_4,3,2,5,10
1666,262,45,2577.05,1,5.15,57.27,295.08,medium,tier_2,5,2,2,9
1667,138,115,359.6,167,25.0,3.13,78.17,high,tier_1,3,5,1,9
1668,140,19,7405.98,126,4.07,389.79,1587.0,medium,tier_3,4,1,4,9
1669,257,55,1108.12,313,6.42,20.15,129.35,medium,tier_1,1,3,1,5
1670,140,110,3183.45,81,23.57,28.94,682.17,high,tier_2,4,5,2,11
1671,63,100,87.98,251,47.62,0.88,41.9,high,tier_1,2,5,1,8
1672,652,45,6832.61,169,2.07,151.84,314.38,medium,tier_3,3,2,4,9
1673,777,8,1712.96,73,0.31,214.12,66.14,low,tier_1,4,1,1,6
1674,624,93,6570.06,141,4.47,70.65,315.87,medium,tier_3,3,4,4,11
1675,454,119,9917.84,70,7.86,83.34,655.36,medium,tier_4,4,5,5,14
1676,642,53,773.08,262,2.48,14.59,36.13,medium,tier_1,2,3,1,6
1677,721,55,816.93,340,2.29,14.85,33.99,medium,tier_1,1,3,1,5
1678,344,32,3436.78,308,2.79,107.4,299.72,medium,tier_2,1,2,2,5
1679,906,51,8670.55,245,1.69,170.01,287.1,low,tier_4,2,3,5,10
1680,691,44,2194.52,3,1.91,49.88,95.28,low,tier_1,5,2,2,9
1681,306,82,3635.76,337,8.04,44.34,356.45,medium,tier_2,1,4,2,7
1682,653,70,731.63,63,3.22,10.45,33.61,medium,tier_1,5,3,1,9
1683,545,18,7643.4,49,0.99,424.63,420.74,low,tier_4,5,1,4,10
1684,872,83,4112.65,76,2.86,49.55,141.49,medium,tier_2,4,4,3,11
1685,379,22,7604.52,175,1.74,345.66,601.94,low,tier_4,3,1,4,8
1686,852,37,9040.9,109,1.3,244.35,318.34,low,tier_4,4,2,5,11
1687,788,96,2365.99,183,3.65,24.65,90.08,medium,tier_1,3,4,2,9
1688,928,56,8083.59,192,1.81,144.35,261.32,low,tier_4,3,3,5,11
1689,272,105,637.98,65,11.58,6.08,70.37,high,tier_1,5,5,1,11
1690,572,59,8993.53,337,3.09,152.43,471.69,medium,tier_4,1,3,5,9
1691,1093,3,6525.15,271,0.08,2175.05,179.1,low,tier_3,2,1,4,7
1692,258,28,8748.56,100,3.26,312.45,1017.27,medium,tier_4,4,2,5,11
1693,577,74,51.87,32,3.85,0.7,2.7,medium,tier_1,5,4,1,10
1694,949,115,1732.36,352,3.64,15.06,54.76,medium,tier_1,1,5,1,7
1695,35,35,3928.11,128,30.0,112.23,3366.95,high,tier_2,4,2,2,8
1696,497,61,3826.05,339,3.68,62.72,230.95,medium,tier_2,1,3,2,6
1697,104,93,2305.97,43,26.83,24.8,665.18,high,tier_1,5,4,2,11
1698,33,54,3847.04,78,49.09,71.24,3497.31,high,tier_2,4,3,2,9
1699,675,63,1332.04,314,2.8,21.14,59.2,medium,tier_1,1,3,1,5
1700,147,79,4156.97,289,16.12,52.62,848.36,high,tier_2,2,4,3,9
1701,910,97,8033.43,270,3.2,82.82,264.84,medium,tier_4,2,5,5,12
1702,533,7,4816.75,162,0.39,688.11,271.11,low,tier_2,3,1,3,7
1703,976,76,229.1,189,2.34,3.01,7.04,medium,tier_1,3,4,1,8
1704,603,49,4243.37,247,2.44,86.6,211.11,medium,tier_2,2,3,3,8
1705,223,94,320.39,216,12.65,3.41,43.1,high,tier_1,2,4,1,7
1706,876,85,9664.12,315,2.91,113.7,330.96,medium,tier_4,1,4,5,10
1707,744,31,1318.17,339,1.25,42.52,53.15,low,tier_1,1,2,1,4
1708,1079,58,7091.5,168,1.61,122.27,197.17,low,tier_3,3,3,4,10
1709,202,61,9729.12,339,9.06,159.49,1444.92,medium,tier_4,1,3,5,9
1710,355,24,8269.09,193,2.03,344.55,698.8,medium,tier_4,3,1,5,9
1711,865,20,7008.19,283,0.69,350.41,243.06,low,tier_3,2,1,4,7
1712,753,37,8402.64,336,1.47,227.1,334.77,low,tier_4,1,2,5,8
1713,254,4,9818.9,13,0.47,2454.72,1159.71,low,tier_4,5,1,5,11
1714,561,92,6232.38,240,4.92,67.74,333.28,medium,tier_3,2,4,4,10
1715,142,108,5613.89,320,22.82,51.98,1186.03,high,tier_3,1,5,3,9
1716,169,20,6300.97,147,3.55,315.05,1118.52,medium,tier_3,3,1,4,8
1717,588,60,5350.13,204,3.06,89.17,272.97,medium,tier_3,3,3,3,9
1718,30,24,6369.14,80,24.0,265.38,6369.14,high,tier_3,4,1,4,9
1719,119,50,4525.93,43,12.61,90.52,1140.99,high,tier_2,5,3,3,11
1720,683,49,2223.51,89,2.15,45.38,97.67,medium,tier_1,4,3,2,9
1721,349,51,1246.46,148,4.38,24.44,107.15,medium,tier_1,3,3,1,7
1722,168,96,729.99,95,17.14,7.6,130.36,high,tier_1,4,4,1,9
1723,874,105,2669.99,151,3.6,25.43,91.65,medium,tier_2,3,5,2,10
1724,288,36,508.93,2,3.75,14.14,53.01,medium,tier_1,5,2,1,8
1725,931,117,5693.35,22,3.77,48.66,183.46,medium,tier_3,5,5,3,13
1726,719,98,2874.09,313,4.09,29.33,119.92,medium,tier_2,1,5,2,8
1727,39,100,8254.12,328,76.92,82.54,6349.32,high,tier_4,1,5,5,11
1728,290,66,788.7,7,6.83,11.95,81.59,medium,tier_1,5,3,1,9
1729,201,79,2302.2,206,11.79,29.14,343.61,high,tier_1,3,4,2,9
1730,927,34,7315.95,114,1.1,215.18,236.76,low,tier_3,4,2,4,10
1731,42,36,6008.14,272,25.71,166.89,4291.53,high,tier_3,2,2,4,8
1732,350,6,691.69,83,0.51,115.28,59.29,low,tier_1,4,1,1,6
1733,358,39,8778.53,179,3.27,225.09,735.63,medium,tier_4,3,2,5,10
1734,814,42,8778.75,210,1.55,209.02,323.54,low,tier_4,3,2,5,10
1735,806,115,3337.56,328,4.28,29.02,124.23,medium,tier_2,1,5,2,8
1736,940,115,3437.04,124,3.67,29.89,109.69,medium,tier_2,4,5,2,11
1737,347,58,9890.83,113,5.01,170.53,855.11,medium,tier_4,4,3,5,12
1738,265,118,6280.45,12,13.36,53.22,710.99,high,tier_3,5,5,4,14
1739,363,12,5336.6,126,0.99,444.72,441.04,low,tier_3,4,1,3,8
1740,405,3,8389.61,53,0.22,2796.54,621.45,low,tier_4,5,1,5,11
1741,617,109,2888.64,331,5.3,26.5,140.45,medium,tier_2,1,5,2,8
1742,542,18,4320.37,283,1.0,240.02,239.13,low,tier_2,2,1,3,6
1743,947,40,2714.38,140,1.27,67.86,85.99,low,tier_2,4,2,2,8
1744,902,21,7902.15,97,0.7,376.29,262.82,low,tier_4,4,1,4,9
1745,299,15,5754.83,5,1.51,383.66,577.41,low,tier_3,5,1,3,9
1746,827,97,6605.31,57,3.52,68.1,239.61,medium,tier_3,5,5,4,14
1747,754,99,2560.46,334,3.94,25.86,101.88,medium,tier_2,1,5,2,8
1748,34,26,2241.24,69,22.94,86.2,1977.56,high,tier_1,4,2,2,8
1749,880,8,4909.33,118,0.27,613.67,167.36,low,tier_2,4,1,3,8
1750,107,100,7388.78,59,28.04,73.89,2071.62,high,tier_3,5,5,4,14
1751,603,112,5276.14,33,5.57,47.11,262.49,medium,tier_3,5,5,3,13
1752,161,94,374.82,318,17.52,3.99,69.84,high,tier_1,1,4,1,6
1753,630,87,8692.09,50,4.14,99.91,413.91,medium,tier_4,5,4,5,14
1754,118,42,693.63,19,10.68,16.52,176.35,high,tier_1,5,2,1,8
1755,431,44,9560.45,214,3.06,217.28,665.46,medium,tier_4,3,2,5,10
1756,325,14,300.16,197,1.29,21.44,27.71,low,tier_1,3,1,1,5
1757,645,78,6959.78,47,3.63,89.23,323.71,medium,tier_3,5,4,4,13
1758,829,2,867.96,167,0.07,433.98,31.41,low,tier_1,3,1,1,5
1759,451,119,9111.23,289,7.92,76.56,606.07,medium,tier_4,2,5,5,12
1760,1076,37,4671.11,141,1.03,126.25,130.24,low,tier_2,3,2,3,8
1761,604,69,1418.36,84,3.43,20.56,70.45,medium,tier_1,4,3,1,8
1762,172,38,3441.12,182,6.63,90.56,600.2,medium,tier_2,3,2,2,7
1763,1022,109,1690.01,79,3.2,15.5,49.61,medium,tier_1,4,5,1,10
1764,694,41,1747.29,215,1.77,42.62,75.53,low,tier_1,2,2,1,5
1765,174,62,9483.68,14,10.69,152.96,1635.12,high,tier_4,5,3,5,13
1766,1036,118,4480.2,215,3.42,37.97,129.74,medium,tier_2,2,5,3,10
1767,532,60,7898.58,128,3.38,131.64,445.41,medium,tier_4,4,3,4,11
1768,850,111,6414.08,310,3.92,57.78,226.38,medium,tier_3,1,5,4,10
1769,133,14,6780.44,248,3.16,484.32,1529.42,medium,tier_3,2,1,4,7
1770,1092,103,1360.35,29,2.83,13.21,37.37,medium,tier_1,5,5,1,11
1771,227,89,2380.14,280,11.76,26.74,314.56,high,tier_1,2,4,2,8
1772,608,84,7878.17,338,4.14,93.79,388.73,medium,tier_4,1,4,4,9
1773,420,2,9709.12,319,0.14,4854.56,693.51,low,tier_4,1,1,5,7
1774,583,103,2663.62,202,5.3,25.86,137.06,medium,tier_2,3,5,2,10
1775,1068,70,2752.11,361,1.97,39.32,77.31,low,tier_2,1,3,2,6
1776,507,17,4755.33,57,1.01,279.73,281.38,low,tier_2,5,1,3,9
1777,952,89,9839.21,218,2.8,110.55,310.06,medium,tier_4,2,4,5,11
1778,449,28,2726.14,62,1.87,97.36,182.15,low,tier_2,5,2,2,9
1779,186,66,4099.37,157,10.65,62.11,661.19,high,tier_2,3,3,3,9
1780,579,35,8920.23,202,1.81,254.86,462.19,low,tier_4,3,2,5,10
1781,1050,101,79.06,17,2.89,0.78,2.26,medium,tier_1,5,5,1,11
1782,1026,5,445.67,322,0.15,89.13,13.03,low,tier_1,1,1,1,3
1783,980,65,6060.51,6,1.99,93.24,185.53,low,tier_3,5,3,4,12
1784,318,40,9078.43,58,3.77,226.96,856.46,medium,tier_4,5,2,5,12
1785,225,76,2426.62,325,10.13,31.93,323.55,high,tier_2,1,4,2,7
1786,627,56,4722.94,318,2.68,84.34,225.98,medium,tier_2,1,3,3,7
1787,546,36,4532.13,169,1.98,125.89,249.02,low,tier_2,3,2,3,8
1788,894,45,4756.06,82,1.51,105.69,159.6,low,tier_2,4,2,3,9
1789,835,23,6244.07,219,0.83,271.48,224.34,low,tier_3,2,1,4,7
1790,844,47,4723.95,177,1.67,100.51,167.91,low,tier_2,3,2,3,8
1791,257,31,4502.31,204,3.62,145.24,525.56,medium,tier_2,3,2,3,8
1792,245,11,4769.17,71,1.35,433.56,583.98,low,tier_2,4,1,3,8
1793,977,10,5929.13,266,0.31,592.91,182.06,low,tier_3,2,1,3,6
1794,44,67,5393.22,98,45.68,80.5,3677.2,high,tier_3,4,3,3,10
1795,76,118,8548.65,345,46.58,72.45,3374.47,high,tier_4,1,5,5,11
1796,353,14,542.49,291,1.19,38.75,46.1,low,tier_1,2,1,1,4
1797,873,80,8341.5,208,2.75,104.27,286.65,medium,tier_4,3,4,5,12
1798,159,74,8447.05,2,13.96,114.15,1593.78,high,tier_4,5,4,5,14
1799,124,93,2884.83,124,22.5,31.02,697.94,high,tier_2,4,4,2,10
1800,656,10,4655.38,280,0.46,465.54,212.9,low,tier_2,2,1,3,6
1801,784,76,4413.46,74,2.91,58.07,168.88,medium,tier_2,4,4,3,11
1802,823,94,2224.17,166,3.43,23.66,81.08,medium,tier_1,3,4,2,9
1803,98,105,3998.13,22,32.14,38.08,1223.92,high,tier_2,5,5,3,13
1804,40,1,491.66,154,0.75,491.66,368.75,low,tier_1,3,1,1,5
1805,901,5,2814.33,295,0.17,562.87,93.71,low,tier_2,1,1,2,4
1806,579,20,8175.99,219,1.04,408.8,423.63,low,tier_4,2,1,5,8
1807,741,8,2881.39,157,0.32,360.17,116.66,low,tier_2,3,1,2,6
1808,52,43,8191.16,230,24.81,190.49,4725.67,high,tier_4,2,2,5,9
1809,844,76,5339.41,20,2.7,70.26,189.79,medium,tier_3,5,4,3,12
1810,375,1,8804.63,41,0.08,8804.63,704.37,low,tier_4,5,1,5,11
1811,331,57,5769.06,148,5.17,101.21,522.88,medium,tier_3,3,3,3,9
1812,392,64,345.2,108,4.9,5.39,26.42,medium,tier_1,4,3,1,8
1813,425,118,6770.43,84,8.33,57.38,477.91,medium,tier_3,4,5,4,13
1814,247,84,496.29,322,10.2,5.91,60.28,high,tier_1,1,4,1,6
1815,170,28,4533.44,309,4.94,161.91,800.02,medium,tier_2,1,2,3,6
1816,987,107,9297.8,290,3.25,86.9,282.61,medium,tier_4,2,5,5,12
1817,1014,37,1693.78,323,1.09,45.78,50.11,low,tier_1,1,2,1,4
1818,1022,47,3929.23,134,1.38,83.6,115.34,low,tier_2,4,2,2,8
1819,857,101,7312.11,207,3.54,72.4,255.97,medium,tier_3,3,5,4,12
1820,712,76,8828.47,283,3.2,116.16,371.99,medium,tier_4,2,4,5,11
1821,1033,37,6725.88,266,1.07,181.78,195.33,low,tier_3,2,2,4,8
1822,385,49,2618.82,73,3.82,53.45,204.06,medium,tier_2,4,3,2,9
1823,1037,113,6762.35,352,3.27,59.84,195.63,medium,tier_3,1,5,4,10
1824,917,44,3002.44,48,1.44,68.24,98.23,low,tier_2,5,2,2,9
1825,156,56,7198.37,326,10.77,128.54,1384.3,high,tier_3,1,3,4,8
1826,1038,28,9542.63,233,0.81,340.81,275.8,low,tier_4,2,2,5,9
1827,633,111,7227.86,100,5.26,65.12,342.55,medium,tier_3,4,5,4,13
1828,1043,79,8635.66,59,2.27,109.31,248.39,medium,tier_4,5,4,5,14
1829,80,6,70.93,258,2.25,11.82,26.6,medium,tier_1,2,1,1,4
1830,1082,108,7189.84,65,2.99,66.57,199.35,medium,tier_3,5,5,4,14
1831,808,61,8304.4,83,2.26,136.14,308.33,medium,tier_4,4,3,5,12
1832,843,20,453.56,154,0.71,22.68,16.14,low,tier_1,3,1,1,5
1833,449,114,8722.4,266,7.62,76.51,582.79,medium,tier_4,2,5,5,12
1834,1012,78,2604.11,309,2.31,33.39,77.2,medium,tier_2,1,4,2,7
1835,854,2,6669.66,79,0.07,3334.83,234.3,low,tier_3,4,1,4,9
1836,1054,73,8013.53,315,2.08,109.77,228.09,medium,tier_4,1,4,5,10
1837,596,37,6643.51,150,1.86,179.55,334.4,low,tier_3,3,2,4,9
1838,400,20,968.23,48,1.5,48.41,72.62,low,tier_1,5,1,1,7
1839,965,26,5983.4,248,0.81,230.13,186.01,low,tier_3,2,2,4,8
1840,690,29,5518.36,278,1.26,190.29,239.93,low,tier_3,2,2,3,7
1841,998,1,9008.2,356,0.03,9008.2,270.79,low,tier_4,1,1,5,7
1842,231,119,4072.19,98,15.45,34.22,528.86,high,tier_2,4,5,3,12
1843,342,35,3244.76,25,3.07,92.71,284.63,medium,tier_2,5,2,2,9
1844,146,70,7511.02,284,14.38,107.3,1543.36,high,tier_4,2,3,4,9
1845,966,101,4156.12,301,3.14,41.15,129.07,medium,tier_2,1,5,3,9
1846,604,117,6478.66,68,5.81,55.37,321.79,medium,tier_3,5,5,4,14
1847,273,59,6482.18,7,6.48,109.87,712.33,medium,tier_3,5,3,4,12
1848,566,69,8885.99,305,3.66,128.78,470.99,medium,tier_4,1,3,5,9
1849,104,33,6006.99,137,9.52,182.03,1732.79,medium,tier_3,4,2,4,10
1850,415,113,5046.43,164,8.17,44.66,364.8,medium,tier_3,3,5,3,11
1851,504,51,1431.77,83,3.04,28.07,85.22,medium,tier_1,4,3,1,8
1852,447,78,1201.59,138,5.23,15.4,80.64,medium,tier_1,4,4,1,9
1853,376,12,1585.5,73,0.96,132.12,126.5,low,tier_1,4,1,1,6
1854,669,106,1759.89,237,4.75,16.6,78.92,medium,tier_1,2,5,1,8
1855,968,20,6396.88,46,0.62,319.84,198.25,low,tier_3,5,1,4,10
1856,984,53,7422.76,106,1.62,140.05,226.3,low,tier_3,4,3,4,11
1857,905,114,5323.42,288,3.78,46.7,176.47,medium,tier_3,2,5,3,10
1858,792,88,8298.73,262,3.33,94.3,314.35,medium,tier_4,2,4,5,11
1859,693,43,9913.07,176,1.86,230.54,429.14,low,tier_4,3,2,5,10
1860,54,98,8209.13,166,54.44,83.77,4560.63,high,tier_4,3,5,5,13
1861,739,89,6964.08,145,3.61,78.25,282.71,medium,tier_3,3,4,4,11
1862,206,50,5348.3,330,7.28,106.97,778.88,medium,tier_3,1,3,3,7
1863,314,29,4516.09,283,2.77,155.73,431.47,medium,tier_2,2,2,3,7
1864,92,57,889.7,54,18.59,15.61,290.12,high,tier_1,5,3,1,9
1865,1032,39,4023.72,178,1.13,103.17,116.97,low,tier_2,3,2,3,8
1866,691,95,9105.84,244,4.12,95.85,395.33,medium,tier_4,2,4,5,11
1867,695,56,8089.83,341,2.42,144.46,349.2,medium,tier_4,1,3,5,9
1868,185,111,2199.71,127,18.0,19.82,356.71,high,tier_1,4,5,2,11
1869,996,43,4692.75,271,1.3,109.13,141.35,low,tier_2,2,2,3,7
1870,878,50,8176.4,132,1.71,163.53,279.38,low,tier_4,4,3,5,12
1871,718,23,720.48,93,0.96,31.33,30.1,low,tier_1,4,1,1,6
1872,177,44,3904.56,73,7.46,88.74,661.79,medium,tier_2,4,2,2,8
1873,371,38,8525.82,248,3.07,224.36,689.42,medium,tier_4,2,2,5,9
1874,505,84,4068.78,348,4.99,48.44,241.71,medium,tier_2,1,4,3,8
1875,590,23,822.27,273,1.17,35.75,41.81,low,tier_1,2,1,1,4
1876,356,45,5448.22,43,3.79,121.07,459.12,medium,tier_3,5,2,3,10
1877,1019,52,8624.34,41,1.53,165.85,253.91,low,tier_4,5,3,5,13
1878,244,80,5923.34,170,9.84,74.04,728.28,medium,tier_3,3,4,3,10
1879,464,50,2301.48,212,3.23,46.03,148.8,medium,tier_1,3,3,2,8
1880,981,106,3873.18,168,3.24,36.54,118.45,medium,tier_2,3,5,2,10
1881,752,119,4528.73,39,4.75,38.06,180.67,medium,tier_2,5,5,3,13
1882,61,8,5813.7,245,3.93,726.71,2859.2,medium,tier_3,2,1,3,6
1883,699,114,7605.54,151,4.89,66.72,326.42,medium,tier_4,3,5,4,12
1884,314,85,1033.79,111,8.12,12.16,98.77,medium,tier_1,4,4,1,9
1885,458,1,8902.04,47,0.07,8902.04,583.1,low,tier_4,5,1,5,11
1886,315,119,172.48,63,11.33,1.45,16.43,high,tier_1,5,5,1,11
1887,1072,8,3732.02,225,0.22,466.5,104.44,low,tier_2,2,1,2,5
1888,47,29,322.83,69,18.51,11.13,206.06,high,tier_1,4,2,1,7
1889,798,96,3960.09,299,3.61,41.25,148.88,medium,tier_2,1,4,3,8
1890,619,102,5281.84,290,4.94,51.78,255.99,medium,tier_3,2,5,3,10
1891,1039,5,5141.23,296,0.14,1028.25,148.45,low,tier_3,1,1,3,5
1892,223,111,1698.0,203,14.93,15.3,228.43,high,tier_1,3,5,1,9
1893,531,86,6475.12,61,4.86,75.29,365.83,medium,tier_3,5,4,4,13
1894,1017,47,495.55,318,1.39,10.54,14.62,low,tier_1,1,2,1,4
1895,143,34,7630.97,314,7.13,224.44,1600.9,medium,tier_4,1,2,4,7
1896,976,65,9469.11,161,2.0,145.68,291.06,low,tier_4,3,3,5,11
1897,860,55,3430.7,331,1.92,62.38,119.68,low,tier_2,1,3,2,6
1898,954,119,5196.53,16,3.74,43.67,163.41,medium,tier_3,5,5,3,13
1899,84,90,3820.16,338,32.14,42.45,1364.34,high,tier_2,1,4,2,7
1900,829,43,116.77,94,1.56,2.72,4.23,low,tier_1,4,2,1,7
1901,807,74,3889.45,304,2.75,52.56,144.59,medium,tier_2,1,4,2,7
1902,191,30,7927.62,138,4.71,264.25,1245.18,medium,tier_4,4,2,5,11
1903,116,114,5980.09,338,29.48,52.46,1546.58,high,tier_3,1,5,4,10
1904,84,82,1057.54,38,29.29,12.9,377.69,high,tier_1,5,4,1,10
1905,1061,17,8479.04,127,0.48,498.77,239.75,low,tier_4,4,1,5,10
1906,862,26,5334.3,275,0.9,205.17,185.65,low,tier_3,2,2,3,7
1907,342,8,8425.15,164,0.7,1053.14,739.05,low,tier_4,3,1,5,9
1908,788,47,5823.2,319,1.79,123.9,221.7,low,tier_3,1,2,3,6
1909,472,104,5618.9,77,6.61,54.03,357.13,medium,tier_3,4,5,3,12
1910,357,113,1097.33,174,9.5,9.71,92.21,medium,tier_1,3,5,1,9
1911,790,76,1715.23,358,2.89,22.57,65.14,medium,tier_1,1,4,1,6
1912,608,91,9721.65,321,4.49,106.83,479.69,medium,tier_4,1,4,5,10
1913,1036,72,2323.44,91,2.08,32.27,67.28,medium,tier_1,4,3,2,9
1914,125,89,9775.65,238,21.36,109.84,2346.16,high,tier_4,2,4,5,11
1915,843,46,5342.53,264,1.64,116.14,190.13,low,tier_3,2,2,3,7
1916,520,68,1401.1,179,3.92,20.6,80.83,medium,tier_1,3,3,1,7
1917,481,33,1038.06,209,2.06,31.46,64.74,medium,tier_1,3,2,1,6
1918,194,1,2128.2,73,0.15,2128.2,329.1,low,tier_1,4,1,2,7
1919,211,19,9260.09,107,2.7,487.37,1316.6,medium,tier_4,4,1,5,10
1920,498,31,4170.79,345,1.87,134.54,251.25,low,tier_2,1,2,3,6
1921,939,80,3984.57,295,2.56,49.81,127.3,medium,tier_2,1,4,3,8
1922,764,14,3166.4,284,0.55,226.17,124.34,low,tier_2,2,1,2,5
1923,852,53,1513.27,353,1.87,28.55,53.28,low,tier_1,1,3,1,5
1924,973,48,4904.12,182,1.48,102.17,151.21,low,tier_2,3,3,3,9
1925,36,69,1343.98,37,57.5,19.48,1119.98,high,tier_1,5,3,1,9
1926,359,105,8363.03,137,8.77,79.65,698.86,medium,tier_4,4,5,5,14
1927,804,90,3735.45,338,3.36,41.5,139.38,medium,tier_2,1,4,2,7
1928,180,62,3779.3,56,10.33,60.96,629.88,high,tier_2,5,3,2,10
1929,176,92,4766.36,187,15.68,51.81,812.45,high,tier_2,3,4,3,10
1930,944,66,4469.07,341,2.1,67.71,142.03,medium,tier_2,1,3,3,7
1931,729,114,9948.84,258,4.69,87.27,409.42,medium,tier_4,2,5,5,12
1932,111,64,5476.54,58,17.3,85.57,1480.15,high,tier_3,5,3,3,11
1933,543,70,927.61,363,3.87,13.25,51.25,medium,tier_1,1,3,1,5
1934,844,63,6088.43,123,2.24,96.64,216.41,medium,tier_3,4,3,4,11
1935,738,73,1558.26,188,2.97,21.35,63.34,medium,tier_1,3,4,1,8
1936,775,33,357.83,230,1.28,10.84,13.85,low,tier_1,2,2,1,5
1937,1052,41,9708.88,168,1.17,236.8,276.87,low,tier_4,3,2,5,10
1938,736,89,7746.71,114,3.63,87.04,315.76,medium,tier_4,4,4,4,12
1939,500,48,9802.08,252,2.88,204.21,588.12,medium,tier_4,2,3,5,10
1940,425,13,4804.89,107,0.92,369.61,339.17,low,tier_2,4,1,3,8
1941,290,73,5345.96,37,7.55,73.23,553.03,medium,tier_3,5,4,3,12
1942,834,117,1724.95,335,4.21,14.74,62.05,medium,tier_1,1,5,1,7
1943,963,77,2506.73,92,2.4,32.55,78.09,medium,tier_2,4,4,2,10
1944,934,31,8393.56,18,1.0,270.76,269.6,low,tier_4,5,2,5,12
1945,969,105,3594.05,354,3.25,34.23,111.27,medium,tier_2,1,5,2,8
1946,883,75,8276.81,63,2.55,110.36,281.21,medium,tier_4,5,4,5,14
1947,622,68,7104.69,150,3.28,104.48,342.67,medium,tier_3,3,3,4,10
1948,743,98,1812.85,139,3.96,18.5,73.2,medium,tier_1,4,5,1,10
1949,661,102,5099.09,186,4.63,49.99,231.43,medium,tier_3,3,5,3,11
1950,88,110,6790.0,185,37.5,61.73,2314.77,high,tier_3,3,5,4,12
1951,157,4,2388.62,205,0.76,597.16,456.42,low,tier_2,3,1,2,6
1952,765,102,8315.35,260,4.0,81.52,326.09,medium,tier_4,2,5,5,12
1953,750,19,5471.04,214,0.76,287.95,218.84,low,tier_3,3,1,3,7
1954,555,70,1694.16,256,3.78,24.2,91.58,medium,tier_1,2,3,1,6
1955,550,98,5850.7,135,5.35,59.7,319.13,medium,tier_3,4,5,3,12
1956,581,82,9997.15,61,4.23,121.92,516.2,medium,tier_4,5,4,5,14
1957,266,13,1547.69,363,1.47,119.05,174.55,low,tier_1,1,1,1,3
1958,523,105,8176.73,310,6.02,77.87,469.03,medium,tier_4,1,5,5,11
1959,33,23,2112.72,88,20.91,91.86,1920.65,high,tier_1,4,1,2,7
1960,695,83,7834.76,324,3.58,94.39,338.19,medium,tier_4,1,4,4,9
1961,471,109,7359.05,207,6.94,67.51,468.73,medium,tier_3,3,5,4,12
1962,58,75,3039.87,129,38.79,40.53,1572.35,high,tier_2,4,4,2,10
1963,639,1,3291.94,311,0.05,3291.94,154.55,low,tier_2,1,1,2,4
1964,834,88,7935.59,3,3.17,90.18,285.45,medium,tier_4,5,4,5,14
1965,104,54,4641.38,242,15.58,85.95,1338.86,high,tier_2,2,3,3,8
1966,867,71,7321.64,121,2.46,103.12,253.34,medium,tier_3,4,3,4,11
1967,157,89,1522.44,102,17.01,17.11,290.91,high,tier_1,4,4,1,9
1968,71,85,8532.95,38,35.92,100.39,3605.47,high,tier_4,5,4,5,14
1969,70,15,7123.3,341,6.43,474.89,3052.84,medium,tier_3,1,1,4,6
1970,963,65,9074.08,133,2.02,139.6,282.68,medium,tier_4,4,3,5,12
1971,63,76,1367.11,202,36.19,17.99,651.0,high,tier_1,3,4,1,8
1972,1070,71,5950.49,348,1.99,83.81,166.84,low,tier_3,1,3,3,7
1973,1027,15,6011.25,21,0.44,400.75,175.6,low,tier_3,5,1,4,10
1974,617,21,3566.93,242,1.02,169.85,173.43,low,tier_2,2,1,2,5
1975,371,19,4611.74,109,1.54,242.72,372.92,low,tier_2,4,1,3,8
1976,56,60,427.92,303,32.14,7.13,229.24,high,tier_1,1,3,1,5
1977,675,93,7471.31,84,4.13,80.34,332.06,medium,tier_3,4,4,4,12
1978,760,89,5515.76,83,3.51,61.97,217.73,medium,tier_3,4,4,3,11
1979,197,33,624.52,291,5.03,18.92,95.1,medium,tier_1,2,2,1,5
1980,639,49,6823.52,69,2.3,139.26,320.35,medium,tier_3,4,3,4,11
1981,297,96,4694.48,129,9.7,48.9,474.19,medium,tier_2,4,5,3,12
1982,850,113,392.89,196,3.99,3.48,13.87,medium,tier_1,3,5,1,9
1983,484,35,9697.6,140,2.17,277.07,601.09,medium,tier_4,4,2,5,11
1984,935,44,9493.67,283,1.41,215.77,304.61,low,tier_4,2,2,5,9
1985,951,102,5153.38,312,3.22,50.52,162.57,medium,tier_3,1,5,3,9
1986,1010,90,982.04,234,2.67,10.91,29.17,medium,tier_1,2,4,1,7
1987,731,11,7558.48,23,0.45,687.13,310.2,low,tier_4,5,1,4,10
1988,663,99,4944.71,153,4.48,49.95,223.74,medium,tier_3,3,5,3,11
1989,159,72,3059.35,277,13.58,42.49,577.24,high,tier_2,2,3,2,7
1990,1049,110,4939.61,61,3.15,44.91,141.27,medium,tier_2,5,5,3,13
1991,848,78,5248.32,319,2.76,67.29,185.67,medium,tier_3,1,4,3,8
1992,722,74,5648.98,52,3.07,76.34,234.72,medium,tier_3,5,4,3,12
1993,823,66,4440.18,344,2.41,67.28,161.85,medium,tier_2,1,3,3,7
1994,58,46,6077.27,153,23.79,132.11,3143.42,high,tier_3,3,2,4,9
1995,178,9,9191.41,237,1.52,1021.27,1549.11,low,tier_4,2,1,5,8
1996,40,3,3654.57,311,2.25,1218.19,2740.93,medium,tier_2,1,1,2,4
1997,705,85,7270.88,302,3.62,85.54,309.4,medium,tier_3,1,4,4,9
1998,216,26,8949.8,32,3.61,344.22,1243.03,medium,tier_4,5,2,5,12
1999,836,72,4586.99,55,2.58,63.71,164.6,medium,tier_2,5,3,3,11
2000,773,48,4462.39,352,1.86,92.97,173.18,low,tier_2,1,3,3,7
